"타임스탬프","연령대를 선택해주세요. (2020 - ""출생년도"" + 1의 결과값)","성별을 선택해주세요","기초제품을 구매하거나 선물한 적이 있나요?","평소 화장품에 대한 관심/지식은 어느정도인가요? (복수응답 가능)","기초제품 구매 시, 선택에 어려움을 겪은 적이 있나요? 그 이유를 말씀해주세요. (복수응답가능)","화장품 구매에 있어, 오프라인 매장 방문의 목적이 무엇인가요? (복수응답)","오프라인 매장 방문을 꺼리는 이유는 무엇인가요?","화장품과 관련하여 유튜브로 정보를 탐색하시나요?","화장품과 관련한 어플을 사용하시나요? (화해, 글로우픽 등)","화장품과 관련하여 유튜브 혹은 어플을 사용하는 이유는 무엇인가요?","어떻게 하면 기초 제품 구매가 더 편리할 것 같아요? (복수응답가능)"
"2020/05/18 5:26:50 오후 GMT+9","20 ~ 24세","여성","예","건성, 복합성, 지성이 무엇인지는 알고 있어요.;비타민이 미백에 좋다는 것, 시카와 티트리 성분이 진정효과가 있다는 것 등을 알고 있어요. (몇 가지 알고 있는 정도라도 체크해주세요);자신의 피부에 맞게 상품을 비교하고 선택할 수 있어요.;다른 사람의 피부타입에 맞게 상품을 추천할 수 있어요.;업계에 종사하고 있어요.","제품이 너무 다양하고 많아서 정보를 알 수 없어서;진짜 좋은 제품인지 알 수 없어서;검색이 귀찮아서","제품을 직접 테스트하고 크기 등을 보려고;사람에게 물어보고 구매하고 싶어서;온라인 쇼핑이 익숙하지 않아서;온라인 결제가 귀찮아서/불편해서","오프라인 매장 방문을 꺼리지 않아요!","1","0","언젠가 구매할지도 모르니까;색조, 메이트업베이스 등에 대한 정보를 얻기 위해","직원의 대면 응대를 활성화해주세요(상담은 사람과 만나서 하고 싶어요, 추천받은 제품을 사는 것이 마음 편해요 등);특징별로 상품에 대한 요약 정리를 해주세요(보습라인 : 가,나,다 / 여드름 진정 : A,B,C / 미백라인 : x,y,z 등)"
"2020/05/18 5:43:14 오후 GMT+9","20 ~ 24세","여성","예","비타민이 미백에 좋다는 것, 시카와 티트리 성분이 진정효과가 있다는 것 등을 알고 있어요. (몇 가지 알고 있는 정도라도 체크해주세요)","제품이 너무 다양하고 많아서 정보를 알 수 없어서;진짜 좋은 제품인지 알 수 없어서","제품을 직접 테스트하고 크기 등을 보려고","오프라인 매장 방문을 꺼리지 않아요!;온라인 쇼핑에 익숙해져서;혼자 비교하고 결정하고 싶어서","0","0","사용하지 않음","비대면 응대를 활성화해주세요(낯을 가려요, 집에서 쇼핑하고 싶어요, 혼자 고민하고 싶어요 등)"
"2020/05/18 5:44:06 오후 GMT+9","20 ~ 24세","여성","예","건성, 복합성, 지성이 무엇인지는 알고 있어요.;비타민이 미백에 좋다는 것, 시카와 티트리 성분이 진정효과가 있다는 것 등을 알고 있어요. (몇 가지 알고 있는 정도라도 체크해주세요)","제품이 너무 다양하고 많아서 정보를 알 수 없어서;진짜 좋은 제품인지 알 수 없어서","제품을 직접 테스트하고 크기 등을 보려고;사람에게 물어보고 구매하고 싶어서","직원들의 접객이 불편해서;혜택이 더 다양하고 많아서","3","1","유행을 알고 싶어서;색조, 메이트업베이스 등에 대한 정보를 얻기 위해","직원의 대면 응대를 활성화해주세요(상담은 사람과 만나서 하고 싶어요, 추천받은 제품을 사는 것이 마음 편해요 등);특징별로 상품에 대한 요약 정리를 해주세요(보습라인 : 가,나,다 / 여드름 진정 : A,B,C / 미백라인 : x,y,z 등)"
"2020/05/18 5:45:14 오후 GMT+9","19세 이하","여성","예","자신의 피부에 맞게 상품을 비교하고 선택할 수 있어요.","진짜 좋은 제품인지 알 수 없어서","제품을 직접 테스트하고 크기 등을 보려고","오프라인 매장 방문을 꺼리지 않아요!","4","4","색조, 메이트업베이스 등에 대한 정보를 얻기 위해;기초제품(스킨, 로션, 미스트, 선케어 등)에 대한 정보를 얻기 위해","특징별로 상품에 대한 요약 정리를 해주세요(보습라인 : 가,나,다 / 여드름 진정 : A,B,C / 미백라인 : x,y,z 등)"
"2020/05/18 5:46:18 오후 GMT+9","20 ~ 24세","여성","예","비타민이 미백에 좋다는 것, 시카와 티트리 성분이 진정효과가 있다는 것 등을 알고 있어요. (몇 가지 알고 있는 정도라도 체크해주세요)","제품이 너무 다양하고 많아서 정보를 알 수 없어서;피부가 민감하지 않아서 제품 다양성이 주는 혼란이 있지만, 사실 그렇게 신경쓰지 않고 사는 편(그냥 적당한 가격대에 로드샵 대표 스킨케어라인 산다)","집이랑 가까워서;그냥 집가다가 생각나면 사는 거고 아니면 쿠팡으로 사는거구~","오프라인 매장 방문을 꺼리지 않아요!","1","0","그냥 화장한 얼굴이 예뻐서 대리만족하려구","특징별로 상품에 대한 요약 정리를 해주세요(보습라인 : 가,나,다 / 여드름 진정 : A,B,C / 미백라인 : x,y,z 등)"
"2020/05/18 5:47:56 오후 GMT+9","20 ~ 24세","남성","예","건성, 복합성, 지성이 무엇인지는 알고 있어요.","진짜 좋은 제품인지 알 수 없어서","제품을 직접 테스트하고 크기 등을 보려고;사람에게 물어보고 구매하고 싶어서","집에서 나가고 싶지 않아서","1","0","기초제품(스킨, 로션, 미스트, 선케어 등)에 대한 정보를 얻기 위해","특징별로 상품에 대한 요약 정리를 해주세요(보습라인 : 가,나,다 / 여드름 진정 : A,B,C / 미백라인 : x,y,z 등)"
"2020/05/18 5:48:19 오후 GMT+9","20 ~ 24세","여성","예","자신의 피부에 맞게 상품을 비교하고 선택할 수 있어요.","제품이 너무 다양하고 많아서 정보를 알 수 없어서","제품을 직접 테스트하고 크기 등을 보려고","온라인이 더 싸요","4","0","색조, 메이트업베이스 등에 대한 정보를 얻기 위해;기초제품(스킨, 로션, 미스트, 선케어 등)에 대한 정보를 얻기 위해","특징별로 상품에 대한 요약 정리를 해주세요(보습라인 : 가,나,다 / 여드름 진정 : A,B,C / 미백라인 : x,y,z 등)"
"2020/05/18 5:55:37 오후 GMT+9","25 ~ 29세","여성","예","건성, 복합성, 지성이 무엇인지는 알고 있어요.","제품이 너무 다양하고 많아서 정보를 알 수 없어서;매번 실패해서;진짜 좋은 제품인지 알 수 없어서","제품을 직접 테스트하고 크기 등을 보려고;사람에게 물어보고 구매하고 싶어서;집이랑 가까워서","오프라인 매장 방문을 꺼리지 않아요!","2","0","색조, 메이트업베이스 등에 대한 정보를 얻기 위해;기초제품(스킨, 로션, 미스트, 선케어 등)에 대한 정보를 얻기 위해","특징별로 상품에 대한 요약 정리를 해주세요(보습라인 : 가,나,다 / 여드름 진정 : A,B,C / 미백라인 : x,y,z 등)"
"2020/05/18 5:57:03 오후 GMT+9","20 ~ 24세","여성","예","건성, 복합성, 지성이 무엇인지는 알고 있어요.;비타민이 미백에 좋다는 것, 시카와 티트리 성분이 진정효과가 있다는 것 등을 알고 있어요. (몇 가지 알고 있는 정도라도 체크해주세요);자신의 피부에 맞게 상품을 비교하고 선택할 수 있어요.","제품이 너무 다양하고 많아서 정보를 알 수 없어서;진짜 좋은 제품인지 알 수 없어서","사람에게 물어보고 구매하고 싶어서","오프라인 매장 방문을 꺼리지 않아요!;혜택이 더 다양하고 많아서","0","0","사용하지 않음","직원의 대면 응대를 활성화해주세요(상담은 사람과 만나서 하고 싶어요, 추천받은 제품을 사는 것이 마음 편해요 등);특징별로 상품에 대한 요약 정리를 해주세요(보습라인 : 가,나,다 / 여드름 진정 : A,B,C / 미백라인 : x,y,z 등);사실 특징별로 상품요약은 잘되어있는편이라고 생각하는데 특히 화장품업계에서 무분별한 광고가 오히려 소비자들에게 혼란을 준다고 생각합니당"
"2020/05/18 5:57:25 오후 GMT+9","20 ~ 24세","여성","예","건성, 복합성, 지성이 무엇인지는 알고 있어요.","진짜 좋은 제품인지 알 수 없어서;검색이 귀찮아서;더 싸게 살 수 있을 것같아서 미뤄서","제품을 직접 테스트하고 크기 등을 보려고","집에서 나가고 싶지 않아서","3","0","색조, 메이트업베이스 등에 대한 정보를 얻기 위해","비대면 응대를 활성화해주세요(낯을 가려요, 집에서 쇼핑하고 싶어요, 혼자 고민하고 싶어요 등)"
"2020/05/18 5:58:37 오후 GMT+9","20 ~ 24세","여성","예","건성, 복합성, 지성이 무엇인지는 알고 있어요.;비타민이 미백에 좋다는 것, 시카와 티트리 성분이 진정효과가 있다는 것 등을 알고 있어요. (몇 가지 알고 있는 정도라도 체크해주세요);자신의 피부에 맞게 상품을 비교하고 선택할 수 있어요.","제품이 너무 다양하고 많아서 정보를 알 수 없어서;진짜 좋은 제품인지 알 수 없어서","바로 사용하고자","오프라인 매장 방문을 꺼리지 않아요!","0","0","사용하지 않음","특징별로 상품에 대한 요약 정리를 해주세요(보습라인 : 가,나,다 / 여드름 진정 : A,B,C / 미백라인 : x,y,z 등)"
"2020/05/18 5:59:54 오후 GMT+9","25 ~ 29세","여성","예","나의 피부가 건성인지 지성인지 몰라요.","피부(스킨케어)에 대한 지식이 없어서;제품이 너무 다양하고 많아서 정보를 알 수 없어서;검색이 귀찮아서","제품을 직접 테스트하고 크기 등을 보려고","직원들의 접객이 불편해서;집에서 나가고 싶지 않아서","2","0","색조, 메이트업베이스 등에 대한 정보를 얻기 위해","특징별로 상품에 대한 요약 정리를 해주세요(보습라인 : 가,나,다 / 여드름 진정 : A,B,C / 미백라인 : x,y,z 등)"
"2020/05/18 6:03:10 오후 GMT+9","40 ~ 44세","여성","예","건성, 복합성, 지성이 무엇인지는 알고 있어요.;비타민이 미백에 좋다는 것, 시카와 티트리 성분이 진정효과가 있다는 것 등을 알고 있어요. (몇 가지 알고 있는 정도라도 체크해주세요)","진짜 좋은 제품인지 알 수 없어서","제품을 직접 테스트하고 크기 등을 보려고","온라인 쇼핑에 익숙해져서","0","0","사용하지 않음","직원의 대면 응대를 활성화해주세요(상담은 사람과 만나서 하고 싶어요, 추천받은 제품을 사는 것이 마음 편해요 등)"
"2020/05/18 6:03:56 오후 GMT+9","20 ~ 24세","여성","예","건성, 복합성, 지성이 무엇인지는 알고 있어요.;비타민이 미백에 좋다는 것, 시카와 티트리 성분이 진정효과가 있다는 것 등을 알고 있어요. (몇 가지 알고 있는 정도라도 체크해주세요)","제품이 너무 다양하고 많아서 정보를 알 수 없어서","제품을 직접 테스트하고 크기 등을 보려고;사람에게 물어보고 구매하고 싶어서;온라인 결제가 귀찮아서/불편해서;집이랑 가까워서","직원들의 접객이 불편해서;혜택이 더 다양하고 많아서;어플, 유튜브, 방송 등 스스로도 충분히 정보를 얻을 수 있어서","4","4","유행을 알고 싶어서;색조, 메이트업베이스 등에 대한 정보를 얻기 위해;기초제품(스킨, 로션, 미스트, 선케어 등)에 대한 정보를 얻기 위해","특징별로 상품에 대한 요약 정리를 해주세요(보습라인 : 가,나,다 / 여드름 진정 : A,B,C / 미백라인 : x,y,z 등)"
"2020/05/18 6:05:22 오후 GMT+9","25 ~ 29세","여성","예","나의 피부가 건성인지 지성인지 몰라요.","피부(스킨케어)에 대한 지식이 없어서;제품이 너무 다양하고 많아서 정보를 알 수 없어서;진짜 좋은 제품인지 알 수 없어서","온라인 쇼핑이 익숙하지 않아서;온라인 결제가 귀찮아서/불편해서","오프라인 매장 방문을 꺼리지 않아요!","1","0","사용하지 않음","특징별로 상품에 대한 요약 정리를 해주세요(보습라인 : 가,나,다 / 여드름 진정 : A,B,C / 미백라인 : x,y,z 등)"
"2020/05/18 6:07:48 오후 GMT+9","20 ~ 24세","남성","예","건성, 복합성, 지성이 무엇인지는 알고 있어요.","제품이 너무 다양하고 많아서 정보를 알 수 없어서;진짜 좋은 제품인지 알 수 없어서","온라인 결제가 귀찮아서/불편해서","혼자 비교하고 결정하고 싶어서","0","0","사용하지 않음","비대면 응대를 활성화해주세요(낯을 가려요, 집에서 쇼핑하고 싶어요, 혼자 고민하고 싶어요 등);특징별로 상품에 대한 요약 정리를 해주세요(보습라인 : 가,나,다 / 여드름 진정 : A,B,C / 미백라인 : x,y,z 등)"
"2020/05/18 6:13:06 오후 GMT+9","25 ~ 29세","여성","예","건성, 복합성, 지성이 무엇인지는 알고 있어요.;비타민이 미백에 좋다는 것, 시카와 티트리 성분이 진정효과가 있다는 것 등을 알고 있어요. (몇 가지 알고 있는 정도라도 체크해주세요)","피부(스킨케어)에 대한 지식이 없어서;제품이 너무 다양하고 많아서 정보를 알 수 없어서","제품을 직접 테스트하고 크기 등을 보려고;집이랑 가까워서","오프라인 매장 방문을 꺼리지 않아요!","2","0","기초제품(스킨, 로션, 미스트, 선케어 등)에 대한 정보를 얻기 위해","특징별로 상품에 대한 요약 정리를 해주세요(보습라인 : 가,나,다 / 여드름 진정 : A,B,C / 미백라인 : x,y,z 등)"
"2020/05/18 6:14:33 오후 GMT+9","30 ~ 34세","여성","예","건성, 복합성, 지성이 무엇인지는 알고 있어요.","제품이 너무 다양하고 많아서 정보를 알 수 없어서;(오프라인의 경우)직원이 불친절해서 / 혹은 접객이 미흡해서;진짜 좋은 제품인지 알 수 없어서;검색이 귀찮아서","사람에게 물어보고 구매하고 싶어서;집이랑 가까워서","오프라인 매장 방문을 꺼리지 않아요!;직원들의 접객이 불편해서","1","0","색조, 메이트업베이스 등에 대한 정보를 얻기 위해","비대면 응대를 활성화해주세요(낯을 가려요, 집에서 쇼핑하고 싶어요, 혼자 고민하고 싶어요 등);특징별로 상품에 대한 요약 정리를 해주세요(보습라인 : 가,나,다 / 여드름 진정 : A,B,C / 미백라인 : x,y,z 등)"
"2020/05/18 6:14:47 오후 GMT+9","40 ~ 44세","남성","예","비타민이 미백에 좋다는 것, 시카와 티트리 성분이 진정효과가 있다는 것 등을 알고 있어요. (몇 가지 알고 있는 정도라도 체크해주세요);자신의 피부에 맞게 상품을 비교하고 선택할 수 있어요.","제품이 너무 다양하고 많아서 정보를 알 수 없어서;진짜 좋은 제품인지 알 수 없어서;검색이 귀찮아서;더 싸게 살 수 있을 것같아서 미뤄서","제품을 직접 테스트하고 크기 등을 보려고;집이랑 가까워서","혼자 비교하고 결정하고 싶어서;어플, 유튜브, 방송 등 스스로도 충분히 정보를 얻을 수 있어서","0","0","사용하지 않음","특징별로 상품에 대한 요약 정리를 해주세요(보습라인 : 가,나,다 / 여드름 진정 : A,B,C / 미백라인 : x,y,z 등)"
"2020/05/18 6:17:33 오후 GMT+9","20 ~ 24세","여성","예","비타민이 미백에 좋다는 것, 시카와 티트리 성분이 진정효과가 있다는 것 등을 알고 있어요. (몇 가지 알고 있는 정도라도 체크해주세요)","제품이 너무 다양하고 많아서 정보를 알 수 없어서","제품을 직접 테스트하고 크기 등을 보려고","집에서 나가고 싶지 않아서","1","3","색조, 메이트업베이스 등에 대한 정보를 얻기 위해;기초제품(스킨, 로션, 미스트, 선케어 등)에 대한 정보를 얻기 위해","특징별로 상품에 대한 요약 정리를 해주세요(보습라인 : 가,나,다 / 여드름 진정 : A,B,C / 미백라인 : x,y,z 등)"
"2020/05/18 6:19:12 오후 GMT+9","20 ~ 24세","남성","아니오","","","","","","","",""
"2020/05/18 6:19:29 오후 GMT+9","25 ~ 29세","여성","예","건성, 복합성, 지성이 무엇인지는 알고 있어요.;비타민이 미백에 좋다는 것, 시카와 티트리 성분이 진정효과가 있다는 것 등을 알고 있어요. (몇 가지 알고 있는 정도라도 체크해주세요)","제품이 너무 다양하고 많아서 정보를 알 수 없어서;진짜 좋은 제품인지 알 수 없어서","제품을 직접 테스트하고 크기 등을 보려고","직원들의 접객이 불편해서;온라인 쇼핑에 익숙해져서","2","0","사용하지 않음","비대면 응대를 활성화해주세요(낯을 가려요, 집에서 쇼핑하고 싶어요, 혼자 고민하고 싶어요 등);특징별로 상품에 대한 요약 정리를 해주세요(보습라인 : 가,나,다 / 여드름 진정 : A,B,C / 미백라인 : x,y,z 등)"
"2020/05/18 6:21:54 오후 GMT+9","30 ~ 34세","여성","예","건성, 복합성, 지성이 무엇인지는 알고 있어요.;비타민이 미백에 좋다는 것, 시카와 티트리 성분이 진정효과가 있다는 것 등을 알고 있어요. (몇 가지 알고 있는 정도라도 체크해주세요);업계에 종사하고 있어요.","검색이 귀찮아서","온라인 배송 시 일회용 쓰레기가 생겨서 - 환경주의자입니다","오프라인 매장 방문을 꺼리지 않아요!","0","0","사용하지 않음","비대면 응대를 활성화해주세요(낯을 가려요, 집에서 쇼핑하고 싶어요, 혼자 고민하고 싶어요 등);특징별로 상품에 대한 요약 정리를 해주세요(보습라인 : 가,나,다 / 여드름 진정 : A,B,C / 미백라인 : x,y,z 등)"
"2020/05/18 6:26:00 오후 GMT+9","20 ~ 24세","여성","예","나의 피부가 건성인지 지성인지 몰라요.;건성, 복합성, 지성이 무엇인지는 알고 있어요.;비타민이 미백에 좋다는 것, 시카와 티트리 성분이 진정효과가 있다는 것 등을 알고 있어요. (몇 가지 알고 있는 정도라도 체크해주세요)","피부(스킨케어)에 대한 지식이 없어서;제품이 너무 다양하고 많아서 정보를 알 수 없어서;검색이 귀찮아서","제품을 직접 테스트하고 크기 등을 보려고;집이랑 가까워서","오프라인 매장 방문을 꺼리지 않아요!","1","0","사용하지 않음","특징별로 상품에 대한 요약 정리를 해주세요(보습라인 : 가,나,다 / 여드름 진정 : A,B,C / 미백라인 : x,y,z 등)"
"2020/05/18 6:26:38 오후 GMT+9","25 ~ 29세","여성","예","건성, 복합성, 지성이 무엇인지는 알고 있어요.;비타민이 미백에 좋다는 것, 시카와 티트리 성분이 진정효과가 있다는 것 등을 알고 있어요. (몇 가지 알고 있는 정도라도 체크해주세요)","제품이 너무 다양하고 많아서 정보를 알 수 없어서;진짜 좋은 제품인지 알 수 없어서","제품을 직접 테스트하고 크기 등을 보려고;사람에게 물어보고 구매하고 싶어서","오프라인 매장 방문을 꺼리지 않아요!","3","3","색조, 메이트업베이스 등에 대한 정보를 얻기 위해;기초제품(스킨, 로션, 미스트, 선케어 등)에 대한 정보를 얻기 위해","보통 하나의 브랜드별로는 분류 및 표기가 잘 되어있는데 사실 매장가서 고민하고 검색하는건 여러 브랜드간의 여드름진정라인 비교를 하는것 같아요. 직원분께 추천받는것도 한 브랜드내에서 제품군을 비교받기보단 모든 브랜드 통틀어서 내가 원하는 성분을 포함한 것 중 가성비가 좋거나 '효과'좋은 걸 추천받고 싶으니까요!"
"2020/05/18 6:27:09 오후 GMT+9","35 ~ 39세","남성","예","건성, 복합성, 지성이 무엇인지는 알고 있어요.;비타민이 미백에 좋다는 것, 시카와 티트리 성분이 진정효과가 있다는 것 등을 알고 있어요. (몇 가지 알고 있는 정도라도 체크해주세요);자신의 피부에 맞게 상품을 비교하고 선택할 수 있어요.","제품이 너무 다양하고 많아서 정보를 알 수 없어서;진짜 좋은 제품인지 알 수 없어서;검색이 귀찮아서","제품을 직접 테스트하고 크기 등을 보려고;사람에게 물어보고 구매하고 싶어서;집이랑 가까워서","오프라인 매장 방문을 꺼리지 않아요!","0","0","사용하지 않음","특징별로 상품에 대한 요약 정리를 해주세요(보습라인 : 가,나,다 / 여드름 진정 : A,B,C / 미백라인 : x,y,z 등)"
"2020/05/18 6:28:32 오후 GMT+9","20 ~ 24세","응답을 원하지 않음","예","나의 피부가 건성인지 지성인지 몰라요.","검색이 귀찮아서","제품을 직접 테스트하고 크기 등을 보려고","혜택이 더 다양하고 많아서","0","0","사용하지 않음","특징별로 상품에 대한 요약 정리를 해주세요(보습라인 : 가,나,다 / 여드름 진정 : A,B,C / 미백라인 : x,y,z 등)"
"2020/05/18 6:28:50 오후 GMT+9","20 ~ 24세","여성","예","나의 피부가 건성인지 지성인지 몰라요.","피부(스킨케어)에 대한 지식이 없어서","사람에게 물어보고 구매하고 싶어서","온라인 쇼핑에 익숙해져서;혜택이 더 다양하고 많아서","2","1","사용하지 않음;색조, 메이트업베이스 등에 대한 정보를 얻기 위해","비대면 응대를 활성화해주세요(낯을 가려요, 집에서 쇼핑하고 싶어요, 혼자 고민하고 싶어요 등)"
"2020/05/18 6:32:44 오후 GMT+9","25 ~ 29세","여성","예","건성, 복합성, 지성이 무엇인지는 알고 있어요.;비타민이 미백에 좋다는 것, 시카와 티트리 성분이 진정효과가 있다는 것 등을 알고 있어요. (몇 가지 알고 있는 정도라도 체크해주세요);자신의 피부에 맞게 상품을 비교하고 선택할 수 있어요.;다른 사람의 피부타입에 맞게 상품을 추천할 수 있어요.","제품이 너무 다양하고 많아서 정보를 알 수 없어서;진짜 좋은 제품인지 알 수 없어서;검색이 귀찮아서;더 싸게 살 수 있을 것같아서 미뤄서","제품을 직접 테스트하고 크기 등을 보려고;집이랑 가까워서","오프라인 매장 방문을 꺼리지 않아요!;온라인 쇼핑에 익숙해져서;혜택이 더 다양하고 많아서;어플, 유튜브, 방송 등 스스로도 충분히 정보를 얻을 수 있어서","1","2","유행을 알고 싶어서;언젠가 구매할지도 모르니까;색조, 메이트업베이스 등에 대한 정보를 얻기 위해;기초제품(스킨, 로션, 미스트, 선케어 등)에 대한 정보를 얻기 위해;함유 성분 파악","비대면 응대를 활성화해주세요(낯을 가려요, 집에서 쇼핑하고 싶어요, 혼자 고민하고 싶어요 등);특징별로 상품에 대한 요약 정리를 해주세요(보습라인 : 가,나,다 / 여드름 진정 : A,B,C / 미백라인 : x,y,z 등)"
"2020/05/18 6:33:50 오후 GMT+9","20 ~ 24세","여성","예","나의 피부가 건성인지 지성인지 몰라요.;건성, 복합성, 지성이 무엇인지는 알고 있어요.;비타민이 미백에 좋다는 것, 시카와 티트리 성분이 진정효과가 있다는 것 등을 알고 있어요. (몇 가지 알고 있는 정도라도 체크해주세요)","피부(스킨케어)에 대한 지식이 없어서;제품이 너무 다양하고 많아서 정보를 알 수 없어서;진짜 좋은 제품인지 알 수 없어서","사람에게 물어보고 구매하고 싶어서;온라인은 신뢰가 잘 되지 않는 느낌이라서요. 인스타 광고 제품이 많은데 믿을 만한 제품인지 잘 모르겠어서","오프라인 매장 방문을 꺼리지 않아요!","1","3","사람들의 후기와 별점을 보려고 화해 이용합니다","직원의 대면 응대를 활성화해주세요(상담은 사람과 만나서 하고 싶어요, 추천받은 제품을 사는 것이 마음 편해요 등);특징별로 상품에 대한 요약 정리를 해주세요(보습라인 : 가,나,다 / 여드름 진정 : A,B,C / 미백라인 : x,y,z 등)"
"2020/05/18 6:37:49 오후 GMT+9","20 ~ 24세","여성","예","건성, 복합성, 지성이 무엇인지는 알고 있어요.","피부(스킨케어)에 대한 지식이 없어서;제품이 너무 다양하고 많아서 정보를 알 수 없어서","제품을 직접 테스트하고 크기 등을 보려고","어플, 유튜브, 방송 등 스스로도 충분히 정보를 얻을 수 있어서","3","0","기초제품(스킨, 로션, 미스트, 선케어 등)에 대한 정보를 얻기 위해","비대면 응대를 활성화해주세요(낯을 가려요, 집에서 쇼핑하고 싶어요, 혼자 고민하고 싶어요 등);특징별로 상품에 대한 요약 정리를 해주세요(보습라인 : 가,나,다 / 여드름 진정 : A,B,C / 미백라인 : x,y,z 등)"
"2020/05/18 6:38:56 오후 GMT+9","30 ~ 34세","남성","예","자신의 피부에 맞게 상품을 비교하고 선택할 수 있어요.","제품이 너무 다양하고 많아서 정보를 알 수 없어서","사람에게 물어보고 구매하고 싶어서","오프라인 매장 방문을 꺼리지 않아요!","2","0","사용하지 않음","직원의 대면 응대를 활성화해주세요(상담은 사람과 만나서 하고 싶어요, 추천받은 제품을 사는 것이 마음 편해요 등)"
"2020/05/18 6:43:52 오후 GMT+9","19세 이하","여성","예","건성, 복합성, 지성이 무엇인지는 알고 있어요.;비타민이 미백에 좋다는 것, 시카와 티트리 성분이 진정효과가 있다는 것 등을 알고 있어요. (몇 가지 알고 있는 정도라도 체크해주세요);자신의 피부에 맞게 상품을 비교하고 선택할 수 있어요.","피부(스킨케어)에 대한 지식이 없어서;제품이 너무 다양하고 많아서 정보를 알 수 없어서;진짜 좋은 제품인지 알 수 없어서","제품을 직접 테스트하고 크기 등을 보려고;샘플, 증정품 등 혜택이 더 다양하고 많아서","오프라인 매장 방문을 꺼리지 않아요!","1","0","색조, 메이트업베이스 등에 대한 정보를 얻기 위해;기초제품(스킨, 로션, 미스트, 선케어 등)에 대한 정보를 얻기 위해","특징별로 상품에 대한 요약 정리를 해주세요(보습라인 : 가,나,다 / 여드름 진정 : A,B,C / 미백라인 : x,y,z 등)"
"2020/05/18 6:49:01 오후 GMT+9","19세 이하","여성","아니오","","","","","","","",""
"2020/05/18 6:52:47 오후 GMT+9","20 ~ 24세","여성","예","건성, 복합성, 지성이 무엇인지는 알고 있어요.;비타민이 미백에 좋다는 것, 시카와 티트리 성분이 진정효과가 있다는 것 등을 알고 있어요. (몇 가지 알고 있는 정도라도 체크해주세요);자신의 피부에 맞게 상품을 비교하고 선택할 수 있어요.","제품이 너무 다양하고 많아서 정보를 알 수 없어서;진짜 좋은 제품인지 알 수 없어서;검색이 귀찮아서;더 싸게 살 수 있을 것같아서 미뤄서","제품을 직접 테스트하고 크기 등을 보려고","오프라인 매장 방문을 꺼리지 않아요!","3","1","색조, 메이트업베이스 등에 대한 정보를 얻기 위해;기초제품(스킨, 로션, 미스트, 선케어 등)에 대한 정보를 얻기 위해","직원의 대면 응대를 활성화해주세요(상담은 사람과 만나서 하고 싶어요, 추천받은 제품을 사는 것이 마음 편해요 등);특징별로 상품에 대한 요약 정리를 해주세요(보습라인 : 가,나,다 / 여드름 진정 : A,B,C / 미백라인 : x,y,z 등)"
"2020/05/18 6:56:59 오후 GMT+9","응답을 원하지 않음","응답을 원하지 않음","예","나의 피부가 건성인지 지성인지 몰라요.;건성, 복합성, 지성이 무엇인지는 알고 있어요.","피부(스킨케어)에 대한 지식이 없어서;제품이 너무 다양하고 많아서 정보를 알 수 없어서;매번 실패해서;(오프라인의 경우)직원이 불친절해서 / 혹은 접객이 미흡해서;진짜 좋은 제품인지 알 수 없어서;검색이 귀찮아서;더 싸게 살 수 있을 것같아서 미뤄서","방문하지 않아요","집에서 나가고 싶지 않아서","0","0","사용하지 않음","응답을 원하지 않아요"
"2020/05/18 6:57:17 오후 GMT+9","19세 이하","여성","예","건성, 복합성, 지성이 무엇인지는 알고 있어요.;비타민이 미백에 좋다는 것, 시카와 티트리 성분이 진정효과가 있다는 것 등을 알고 있어요. (몇 가지 알고 있는 정도라도 체크해주세요);자신의 피부에 맞게 상품을 비교하고 선택할 수 있어요.","피부(스킨케어)에 대한 지식이 없어서;진짜 좋은 제품인지 알 수 없어서","제품을 직접 테스트하고 크기 등을 보려고;집이랑 가까워서","온라인 쇼핑에 익숙해져서;어플, 유튜브, 방송 등 스스로도 충분히 정보를 얻을 수 있어서","4","2","색조, 메이트업베이스 등에 대한 정보를 얻기 위해","비대면 응대를 활성화해주세요(낯을 가려요, 집에서 쇼핑하고 싶어요, 혼자 고민하고 싶어요 등);특징별로 상품에 대한 요약 정리를 해주세요(보습라인 : 가,나,다 / 여드름 진정 : A,B,C / 미백라인 : x,y,z 등)"
"2020/05/18 6:58:27 오후 GMT+9","20 ~ 24세","여성","예","나의 피부가 건성인지 지성인지 몰라요.","피부(스킨케어)에 대한 지식이 없어서;제품이 너무 다양하고 많아서 정보를 알 수 없어서;진짜 좋은 제품인지 알 수 없어서;더 싸게 살 수 있을 것같아서 미뤄서","방문하지 않아요","직원들의 접객이 불편해서;혼자 비교하고 결정하고 싶어서","1","1","사용하지 않음","직원의 대면 응대를 활성화해주세요(상담은 사람과 만나서 하고 싶어요, 추천받은 제품을 사는 것이 마음 편해요 등);특징별로 상품에 대한 요약 정리를 해주세요(보습라인 : 가,나,다 / 여드름 진정 : A,B,C / 미백라인 : x,y,z 등)"
"2020/05/18 6:59:22 오후 GMT+9","20 ~ 24세","남성","예","건성, 복합성, 지성이 무엇인지는 알고 있어요.","없음;검색이 귀찮아서","사람에게 물어보고 구매하고 싶어서;온라인 결제가 귀찮아서/불편해서;집이랑 가까워서","혜택이 더 다양하고 많아서","2","0","사용하지 않음","직원의 대면 응대를 활성화해주세요(상담은 사람과 만나서 하고 싶어요, 추천받은 제품을 사는 것이 마음 편해요 등);비대면 응대를 활성화해주세요(낯을 가려요, 집에서 쇼핑하고 싶어요, 혼자 고민하고 싶어요 등);특징별로 상품에 대한 요약 정리를 해주세요(보습라인 : 가,나,다 / 여드름 진정 : A,B,C / 미백라인 : x,y,z 등)"
"2020/05/18 7:03:18 오후 GMT+9","19세 이하","여성","예","나의 피부가 건성인지 지성인지 몰라요.;건성, 복합성, 지성이 무엇인지는 알고 있어요.","피부(스킨케어)에 대한 지식이 없어서;제품이 너무 다양하고 많아서 정보를 알 수 없어서","사람에게 물어보고 구매하고 싶어서","오프라인 매장 방문을 꺼리지 않아요!","0","0","사용하지 않음","직원의 대면 응대를 활성화해주세요(상담은 사람과 만나서 하고 싶어요, 추천받은 제품을 사는 것이 마음 편해요 등)"
"2020/05/18 7:07:32 오후 GMT+9","25 ~ 29세","여성","예","건성, 복합성, 지성이 무엇인지는 알고 있어요.;비타민이 미백에 좋다는 것, 시카와 티트리 성분이 진정효과가 있다는 것 등을 알고 있어요. (몇 가지 알고 있는 정도라도 체크해주세요);자신의 피부에 맞게 상품을 비교하고 선택할 수 있어요.;다른 사람의 피부타입에 맞게 상품을 추천할 수 있어요.","진짜 좋은 제품인지 알 수 없어서","제품을 직접 테스트하고 크기 등을 보려고","혜택이 더 다양하고 많아서;혼자 비교하고 결정하고 싶어서","0","0","사용하지 않음","특징별로 상품에 대한 요약 정리를 해주세요(보습라인 : 가,나,다 / 여드름 진정 : A,B,C / 미백라인 : x,y,z 등)"
"2020/05/18 7:11:52 오후 GMT+9","25 ~ 29세","여성","예","건성, 복합성, 지성이 무엇인지는 알고 있어요.","피부(스킨케어)에 대한 지식이 없어서;제품이 너무 다양하고 많아서 정보를 알 수 없어서;진짜 좋은 제품인지 알 수 없어서","제품을 직접 테스트하고 크기 등을 보려고","온라인 쇼핑에 익숙해져서;어플, 유튜브, 방송 등 스스로도 충분히 정보를 얻을 수 있어서","3","1","유행을 알고 싶어서;색조, 메이트업베이스 등에 대한 정보를 얻기 위해;기초제품(스킨, 로션, 미스트, 선케어 등)에 대한 정보를 얻기 위해","직원의 대면 응대를 활성화해주세요(상담은 사람과 만나서 하고 싶어요, 추천받은 제품을 사는 것이 마음 편해요 등)"
"2020/05/18 7:12:18 오후 GMT+9","25 ~ 29세","여성","예","건성, 복합성, 지성이 무엇인지는 알고 있어요.;비타민이 미백에 좋다는 것, 시카와 티트리 성분이 진정효과가 있다는 것 등을 알고 있어요. (몇 가지 알고 있는 정도라도 체크해주세요)","제품이 너무 다양하고 많아서 정보를 알 수 없어서;진짜 좋은 제품인지 알 수 없어서","샘플, 증정품 등 혜택이 더 다양하고 많아서","직원들의 접객이 불편해서;온라인 쇼핑에 익숙해져서","0","0","사용하지 않음","특징별로 상품에 대한 요약 정리를 해주세요(보습라인 : 가,나,다 / 여드름 진정 : A,B,C / 미백라인 : x,y,z 등)"
"2020/05/18 7:12:25 오후 GMT+9","25 ~ 29세","여성","예","건성, 복합성, 지성이 무엇인지는 알고 있어요.;자신의 피부에 맞게 상품을 비교하고 선택할 수 있어요.","제품이 너무 다양하고 많아서 정보를 알 수 없어서;더 싸게 살 수 있을 것같아서 미뤄서","온라인 결제가 귀찮아서/불편해서;집이랑 가까워서","직원들의 접객이 불편해서;사람 많은 곳을 좋아하지 않아서","0","0","사용하지 않음","비대면 응대를 활성화해주세요(낯을 가려요, 집에서 쇼핑하고 싶어요, 혼자 고민하고 싶어요 등)"
"2020/05/18 7:15:13 오후 GMT+9","19세 이하","여성","예","건성, 복합성, 지성이 무엇인지는 알고 있어요.;자신의 피부에 맞게 상품을 비교하고 선택할 수 있어요.","제품이 너무 다양하고 많아서 정보를 알 수 없어서;진짜 좋은 제품인지 알 수 없어서","제품을 직접 테스트하고 크기 등을 보려고","직원들의 접객이 불편해서;혼자 비교하고 결정하고 싶어서","4","2","색조, 메이트업베이스 등에 대한 정보를 얻기 위해;기초제품(스킨, 로션, 미스트, 선케어 등)에 대한 정보를 얻기 위해","비대면 응대를 활성화해주세요(낯을 가려요, 집에서 쇼핑하고 싶어요, 혼자 고민하고 싶어요 등);특징별로 상품에 대한 요약 정리를 해주세요(보습라인 : 가,나,다 / 여드름 진정 : A,B,C / 미백라인 : x,y,z 등)"
"2020/05/18 7:16:14 오후 GMT+9","40 ~ 44세","남성","아니오","","","","","","","",""
"2020/05/18 7:17:26 오후 GMT+9","20 ~ 24세","남성","예","비타민이 미백에 좋다는 것, 시카와 티트리 성분이 진정효과가 있다는 것 등을 알고 있어요. (몇 가지 알고 있는 정도라도 체크해주세요)","제품이 너무 다양하고 많아서 정보를 알 수 없어서;진짜 좋은 제품인지 알 수 없어서","제품을 직접 테스트하고 크기 등을 보려고;온라인 결제가 귀찮아서/불편해서","어플, 유튜브, 방송 등 스스로도 충분히 정보를 얻을 수 있어서","3","1","기초제품(스킨, 로션, 미스트, 선케어 등)에 대한 정보를 얻기 위해","직원의 대면 응대를 활성화해주세요(상담은 사람과 만나서 하고 싶어요, 추천받은 제품을 사는 것이 마음 편해요 등);비대면 응대를 활성화해주세요(낯을 가려요, 집에서 쇼핑하고 싶어요, 혼자 고민하고 싶어요 등);특징별로 상품에 대한 요약 정리를 해주세요(보습라인 : 가,나,다 / 여드름 진정 : A,B,C / 미백라인 : x,y,z 등)"
"2020/05/18 7:17:45 오후 GMT+9","19세 이하","여성","예","건성, 복합성, 지성이 무엇인지는 알고 있어요.;비타민이 미백에 좋다는 것, 시카와 티트리 성분이 진정효과가 있다는 것 등을 알고 있어요. (몇 가지 알고 있는 정도라도 체크해주세요)","제품이 너무 다양하고 많아서 정보를 알 수 없어서;매번 실패해서","제품을 직접 테스트하고 크기 등을 보려고;사람에게 물어보고 구매하고 싶어서","집에서 나가고 싶지 않아서","2","2","심심해서","특징별로 상품에 대한 요약 정리를 해주세요(보습라인 : 가,나,다 / 여드름 진정 : A,B,C / 미백라인 : x,y,z 등)"
"2020/05/18 7:20:54 오후 GMT+9","20 ~ 24세","남성","예","나의 피부가 건성인지 지성인지 몰라요.","제품이 너무 다양하고 많아서 정보를 알 수 없어서;진짜 좋은 제품인지 알 수 없어서;검색이 귀찮아서","사람에게 물어보고 구매하고 싶어서;온라인 쇼핑이 익숙하지 않아서","직원들의 접객이 불편해서;집에서 나가고 싶지 않아서","0","0","사용하지 않음","특징별로 상품에 대한 요약 정리를 해주세요(보습라인 : 가,나,다 / 여드름 진정 : A,B,C / 미백라인 : x,y,z 등)"
"2020/05/18 7:20:57 오후 GMT+9","25 ~ 29세","남성","예","건성, 복합성, 지성이 무엇인지는 알고 있어요.;비타민이 미백에 좋다는 것, 시카와 티트리 성분이 진정효과가 있다는 것 등을 알고 있어요. (몇 가지 알고 있는 정도라도 체크해주세요)","제품이 너무 다양하고 많아서 정보를 알 수 없어서;더 싸게 살 수 있을 것같아서 미뤄서","제품을 직접 테스트하고 크기 등을 보려고","직원들의 접객이 불편해서","3","2","기초제품(스킨, 로션, 미스트, 선케어 등)에 대한 정보를 얻기 위해","특징별로 상품에 대한 요약 정리를 해주세요(보습라인 : 가,나,다 / 여드름 진정 : A,B,C / 미백라인 : x,y,z 등)"
"2020/05/18 7:27:55 오후 GMT+9","19세 이하","여성","예","건성, 복합성, 지성이 무엇인지는 알고 있어요.;비타민이 미백에 좋다는 것, 시카와 티트리 성분이 진정효과가 있다는 것 등을 알고 있어요. (몇 가지 알고 있는 정도라도 체크해주세요)","제품이 너무 다양하고 많아서 정보를 알 수 없어서","제품을 직접 테스트하고 크기 등을 보려고","집에서 나가고 싶지 않아서","4","4","색조, 메이트업베이스 등에 대한 정보를 얻기 위해","특징별로 상품에 대한 요약 정리를 해주세요(보습라인 : 가,나,다 / 여드름 진정 : A,B,C / 미백라인 : x,y,z 등)"
"2020/05/18 7:29:47 오후 GMT+9","25 ~ 29세","여성","예","건성, 복합성, 지성이 무엇인지는 알고 있어요.;비타민이 미백에 좋다는 것, 시카와 티트리 성분이 진정효과가 있다는 것 등을 알고 있어요. (몇 가지 알고 있는 정도라도 체크해주세요)","제품이 너무 다양하고 많아서 정보를 알 수 없어서;진짜 좋은 제품인지 알 수 없어서;검색이 귀찮아서","온라인이 제품이 더 다양해 선택권을 줄이고싶어서","오프라인 매장 방문을 꺼리지 않아요!;귀찮아서","1","0","색조, 메이트업베이스 등에 대한 정보를 얻기 위해;기초제품(스킨, 로션, 미스트, 선케어 등)에 대한 정보를 얻기 위해","특징별로 상품에 대한 요약 정리를 해주세요(보습라인 : 가,나,다 / 여드름 진정 : A,B,C / 미백라인 : x,y,z 등)"
"2020/05/18 7:36:48 오후 GMT+9","30 ~ 34세","남성","예","건성, 복합성, 지성이 무엇인지는 알고 있어요.","피부(스킨케어)에 대한 지식이 없어서;제품이 너무 다양하고 많아서 정보를 알 수 없어서","제품을 직접 테스트하고 크기 등을 보려고;사람에게 물어보고 구매하고 싶어서","오프라인 매장 방문을 꺼리지 않아요!","0","0","사용하지 않음","직원의 대면 응대를 활성화해주세요(상담은 사람과 만나서 하고 싶어요, 추천받은 제품을 사는 것이 마음 편해요 등);특징별로 상품에 대한 요약 정리를 해주세요(보습라인 : 가,나,다 / 여드름 진정 : A,B,C / 미백라인 : x,y,z 등)"
"2020/05/18 7:37:19 오후 GMT+9","20 ~ 24세","남성","예","건성, 복합성, 지성이 무엇인지는 알고 있어요.","피부(스킨케어)에 대한 지식이 없어서;제품이 너무 다양하고 많아서 정보를 알 수 없어서","집이랑 가까워서","오프라인 매장 방문을 꺼리지 않아요!","2","1","언젠가 구매할지도 모르니까","특징별로 상품에 대한 요약 정리를 해주세요(보습라인 : 가,나,다 / 여드름 진정 : A,B,C / 미백라인 : x,y,z 등)"
"2020/05/18 7:40:00 오후 GMT+9","20 ~ 24세","남성","아니오","","","","","","","",""
"2020/05/18 7:43:14 오후 GMT+9","25 ~ 29세","남성","아니오","","","","","","","",""
"2020/05/18 7:49:49 오후 GMT+9","20 ~ 24세","여성","예","건성, 복합성, 지성이 무엇인지는 알고 있어요.;비타민이 미백에 좋다는 것, 시카와 티트리 성분이 진정효과가 있다는 것 등을 알고 있어요. (몇 가지 알고 있는 정도라도 체크해주세요)","제품이 너무 다양하고 많아서 정보를 알 수 없어서;진짜 좋은 제품인지 알 수 없어서;더 싸게 살 수 있을 것같아서 미뤄서","온라인 결제가 귀찮아서/불편해서;급해서","직원들의 접객이 불편해서;혼자 비교하고 결정하고 싶어서;어플, 유튜브, 방송 등 스스로도 충분히 정보를 얻을 수 있어서","2","0","구매가 필요한 시기에 정보를 얻기 위해서","특징별로 상품에 대한 요약 정리를 해주세요(보습라인 : 가,나,다 / 여드름 진정 : A,B,C / 미백라인 : x,y,z 등)"
"2020/05/18 7:50:24 오후 GMT+9","19세 이하","여성","예","건성, 복합성, 지성이 무엇인지는 알고 있어요.;비타민이 미백에 좋다는 것, 시카와 티트리 성분이 진정효과가 있다는 것 등을 알고 있어요. (몇 가지 알고 있는 정도라도 체크해주세요);자신의 피부에 맞게 상품을 비교하고 선택할 수 있어요.","제품이 너무 다양하고 많아서 정보를 알 수 없어서;검색이 귀찮아서","제품을 직접 테스트하고 크기 등을 보려고;온라인 결제가 귀찮아서/불편해서","직원들의 접객이 불편해서","4","2","언젠가 구매할지도 모르니까;색조, 메이트업베이스 등에 대한 정보를 얻기 위해","비대면 응대를 활성화해주세요(낯을 가려요, 집에서 쇼핑하고 싶어요, 혼자 고민하고 싶어요 등);특징별로 상품에 대한 요약 정리를 해주세요(보습라인 : 가,나,다 / 여드름 진정 : A,B,C / 미백라인 : x,y,z 등)"
"2020/05/18 7:50:48 오후 GMT+9","20 ~ 24세","여성","예","나의 피부가 건성인지 지성인지 몰라요.;비타민이 미백에 좋다는 것, 시카와 티트리 성분이 진정효과가 있다는 것 등을 알고 있어요. (몇 가지 알고 있는 정도라도 체크해주세요)","제품이 너무 다양하고 많아서 정보를 알 수 없어서;진짜 좋은 제품인지 알 수 없어서","제품을 직접 테스트하고 크기 등을 보려고;지금 당장 필요해서","혜택이 더 다양하고 많아서;온라인으로 더 저렴히 구매가능해서","1","0","유행을 알고 싶어서;언젠가 구매할지도 모르니까;색조, 메이트업베이스 등에 대한 정보를 얻기 위해;기초제품(스킨, 로션, 미스트, 선케어 등)에 대한 정보를 얻기 위해","비대면 응대를 활성화해주세요(낯을 가려요, 집에서 쇼핑하고 싶어요, 혼자 고민하고 싶어요 등);특징별로 상품에 대한 요약 정리를 해주세요(보습라인 : 가,나,다 / 여드름 진정 : A,B,C / 미백라인 : x,y,z 등)"
"2020/05/18 7:52:11 오후 GMT+9","19세 이하","여성","예","건성, 복합성, 지성이 무엇인지는 알고 있어요.;비타민이 미백에 좋다는 것, 시카와 티트리 성분이 진정효과가 있다는 것 등을 알고 있어요. (몇 가지 알고 있는 정도라도 체크해주세요);자신의 피부에 맞게 상품을 비교하고 선택할 수 있어요.","검색이 귀찮아서","온라인 결제가 귀찮아서/불편해서","오프라인 매장 방문을 꺼리지 않아요!","3","2","색조, 메이트업베이스 등에 대한 정보를 얻기 위해","특징별로 상품에 대한 요약 정리를 해주세요(보습라인 : 가,나,다 / 여드름 진정 : A,B,C / 미백라인 : x,y,z 등)"
"2020/05/18 7:53:47 오후 GMT+9","19세 이하","여성","예","건성, 복합성, 지성이 무엇인지는 알고 있어요.;비타민이 미백에 좋다는 것, 시카와 티트리 성분이 진정효과가 있다는 것 등을 알고 있어요. (몇 가지 알고 있는 정도라도 체크해주세요);자신의 피부에 맞게 상품을 비교하고 선택할 수 있어요.","피부(스킨케어)에 대한 지식이 없어서;진짜 좋은 제품인지 알 수 없어서;더 싸게 살 수 있을 것같아서 미뤄서","제품을 직접 테스트하고 크기 등을 보려고;집이랑 가까워서","직원들의 접객이 불편해서","3","1","색조, 메이트업베이스 등에 대한 정보를 얻기 위해;성분 좋은지 안 좋은지 알기 위함","특징별로 상품에 대한 요약 정리를 해주세요(보습라인 : 가,나,다 / 여드름 진정 : A,B,C / 미백라인 : x,y,z 등)"
"2020/05/18 7:56:39 오후 GMT+9","19세 이하","여성","예","건성, 복합성, 지성이 무엇인지는 알고 있어요.;비타민이 미백에 좋다는 것, 시카와 티트리 성분이 진정효과가 있다는 것 등을 알고 있어요. (몇 가지 알고 있는 정도라도 체크해주세요)","피부(스킨케어)에 대한 지식이 없어서;제품이 너무 다양하고 많아서 정보를 알 수 없어서;진짜 좋은 제품인지 알 수 없어서","샘플, 증정품 등 혜택이 더 다양하고 많아서","직원들의 접객이 불편해서;혼자 비교하고 결정하고 싶어서","3","0","유행을 알고 싶어서;어플의 후기나 설명을 듣고 같은 유형의 제품이라도 한번에 많은 브랜드의 제품들의 효과나 가격을 동시에 비교할 수 있어서.","비대면 응대를 활성화해주세요(낯을 가려요, 집에서 쇼핑하고 싶어요, 혼자 고민하고 싶어요 등);특징별로 상품에 대한 요약 정리를 해주세요(보습라인 : 가,나,다 / 여드름 진정 : A,B,C / 미백라인 : x,y,z 등)"
"2020/05/18 7:58:14 오후 GMT+9","20 ~ 24세","남성","예","업계에 종사하고 있어요.","피부(스킨케어)에 대한 지식이 없어서;제품이 너무 다양하고 많아서 정보를 알 수 없어서;매번 실패해서","제품을 직접 테스트하고 크기 등을 보려고;사람에게 물어보고 구매하고 싶어서;집이랑 가까워서","오프라인 매장 방문을 꺼리지 않아요!","2","3","기초제품(스킨, 로션, 미스트, 선케어 등)에 대한 정보를 얻기 위해","직원의 대면 응대를 활성화해주세요(상담은 사람과 만나서 하고 싶어요, 추천받은 제품을 사는 것이 마음 편해요 등)"
"2020/05/18 8:02:34 오후 GMT+9","45 ~ 49세","여성","예","건성, 복합성, 지성이 무엇인지는 알고 있어요.;자신의 피부에 맞게 상품을 비교하고 선택할 수 있어요.","진짜 좋은 제품인지 알 수 없어서","사람에게 물어보고 구매하고 싶어서","오프라인 매장 방문을 꺼리지 않아요!","0","3","유해성분확인","특징별로 상품에 대한 요약 정리를 해주세요(보습라인 : 가,나,다 / 여드름 진정 : A,B,C / 미백라인 : x,y,z 등)"
"2020/05/18 8:10:41 오후 GMT+9","20 ~ 24세","여성","예","자신의 피부에 맞게 상품을 비교하고 선택할 수 있어요.","피부(스킨케어)에 대한 지식이 없어서;진짜 좋은 제품인지 알 수 없어서","온라인 결제가 귀찮아서/불편해서;집이랑 가까워서","오프라인 매장 방문을 꺼리지 않아요!;직원들의 접객이 불편해서","4","0","유행을 알고 싶어서;색조, 메이트업베이스 등에 대한 정보를 얻기 위해;기초제품(스킨, 로션, 미스트, 선케어 등)에 대한 정보를 얻기 위해","직원의 대면 응대를 활성화해주세요(상담은 사람과 만나서 하고 싶어요, 추천받은 제품을 사는 것이 마음 편해요 등)"
"2020/05/18 8:10:49 오후 GMT+9","19세 이하","여성","예","건성, 복합성, 지성이 무엇인지는 알고 있어요.","제품이 너무 다양하고 많아서 정보를 알 수 없어서;진짜 좋은 제품인지 알 수 없어서","제품을 직접 테스트하고 크기 등을 보려고","직원들의 접객이 불편해서","1","0","사용하지 않음","특징별로 상품에 대한 요약 정리를 해주세요(보습라인 : 가,나,다 / 여드름 진정 : A,B,C / 미백라인 : x,y,z 등)"
"2020/05/18 8:10:57 오후 GMT+9","40 ~ 44세","남성","예","건성, 복합성, 지성이 무엇인지는 알고 있어요.","피부(스킨케어)에 대한 지식이 없어서;제품이 너무 다양하고 많아서 정보를 알 수 없어서;검색이 귀찮아서","사람에게 물어보고 구매하고 싶어서","오프라인 매장 방문을 꺼리지 않아요!","0","0","사용하지 않음","비대면 응대를 활성화해주세요(낯을 가려요, 집에서 쇼핑하고 싶어요, 혼자 고민하고 싶어요 등);특징별로 상품에 대한 요약 정리를 해주세요(보습라인 : 가,나,다 / 여드름 진정 : A,B,C / 미백라인 : x,y,z 등)"
"2020/05/18 8:16:46 오후 GMT+9","19세 이하","여성","예","자신의 피부에 맞게 상품을 비교하고 선택할 수 있어요.","제품이 너무 다양하고 많아서 정보를 알 수 없어서","온라인 쇼핑이 익숙하지 않아서","직원들의 접객이 불편해서","1","0","유행을 알고 싶어서","비대면 응대를 활성화해주세요(낯을 가려요, 집에서 쇼핑하고 싶어요, 혼자 고민하고 싶어요 등)"
"2020/05/18 8:43:51 오후 GMT+9","20 ~ 24세","여성","예","나의 피부가 건성인지 지성인지 몰라요.;건성, 복합성, 지성이 무엇인지는 알고 있어요.;비타민이 미백에 좋다는 것, 시카와 티트리 성분이 진정효과가 있다는 것 등을 알고 있어요. (몇 가지 알고 있는 정도라도 체크해주세요);자신의 피부에 맞게 상품을 비교하고 선택할 수 있어요.","제품이 너무 다양하고 많아서 정보를 알 수 없어서;진짜 좋은 제품인지 알 수 없어서;검색이 귀찮아서","제품을 직접 테스트하고 크기 등을 보려고","오프라인 매장 방문을 꺼리지 않아요!","4","3","색조, 메이트업베이스 등에 대한 정보를 얻기 위해","특징별로 상품에 대한 요약 정리를 해주세요(보습라인 : 가,나,다 / 여드름 진정 : A,B,C / 미백라인 : x,y,z 등)"
"2020/05/18 8:47:14 오후 GMT+9","19세 이하","남성","예","건성, 복합성, 지성이 무엇인지는 알고 있어요.","피부(스킨케어)에 대한 지식이 없어서;진짜 좋은 제품인지 알 수 없어서","사람에게 물어보고 구매하고 싶어서","오프라인 매장 방문을 꺼리지 않아요!","3","3","기초제품(스킨, 로션, 미스트, 선케어 등)에 대한 정보를 얻기 위해","특징별로 상품에 대한 요약 정리를 해주세요(보습라인 : 가,나,다 / 여드름 진정 : A,B,C / 미백라인 : x,y,z 등)"
"2020/05/18 8:52:21 오후 GMT+9","25 ~ 29세","남성","예","나의 피부가 건성인지 지성인지 몰라요.","없음","샘플, 증정품 등 혜택이 더 다양하고 많아서","오프라인 매장 방문을 꺼리지 않아요!","0","0","사용하지 않음","특징별로 상품에 대한 요약 정리를 해주세요(보습라인 : 가,나,다 / 여드름 진정 : A,B,C / 미백라인 : x,y,z 등)"
"2020/05/18 9:03:14 오후 GMT+9","20 ~ 24세","남성","예","건성, 복합성, 지성이 무엇인지는 알고 있어요.;비타민이 미백에 좋다는 것, 시카와 티트리 성분이 진정효과가 있다는 것 등을 알고 있어요. (몇 가지 알고 있는 정도라도 체크해주세요);자신의 피부에 맞게 상품을 비교하고 선택할 수 있어요.","매번 실패해서","제품을 직접 테스트하고 크기 등을 보려고","오프라인 매장 방문을 꺼리지 않아요!","4","4","기초제품(스킨, 로션, 미스트, 선케어 등)에 대한 정보를 얻기 위해","비대면 응대를 활성화해주세요(낯을 가려요, 집에서 쇼핑하고 싶어요, 혼자 고민하고 싶어요 등)"
"2020/05/18 9:08:13 오후 GMT+9","20 ~ 24세","남성","예","건성, 복합성, 지성이 무엇인지는 알고 있어요.","피부(스킨케어)에 대한 지식이 없어서;제품이 너무 다양하고 많아서 정보를 알 수 없어서;진짜 좋은 제품인지 알 수 없어서;검색이 귀찮아서","방문하지 않아요","집에서 나가고 싶지 않아서","0","0","사용하지 않음","직원의 대면 응대를 활성화해주세요(상담은 사람과 만나서 하고 싶어요, 추천받은 제품을 사는 것이 마음 편해요 등);특징별로 상품에 대한 요약 정리를 해주세요(보습라인 : 가,나,다 / 여드름 진정 : A,B,C / 미백라인 : x,y,z 등)"
"2020/05/18 9:10:09 오후 GMT+9","20 ~ 24세","여성","예","나의 피부가 건성인지 지성인지 몰라요.;건성, 복합성, 지성이 무엇인지는 알고 있어요.;비타민이 미백에 좋다는 것, 시카와 티트리 성분이 진정효과가 있다는 것 등을 알고 있어요. (몇 가지 알고 있는 정도라도 체크해주세요)","피부(스킨케어)에 대한 지식이 없어서;제품이 너무 다양하고 많아서 정보를 알 수 없어서;진짜 좋은 제품인지 알 수 없어서;검색이 귀찮아서","집이랑 가까워서","직원들의 접객이 불편해서","3","3","색조, 메이트업베이스 등에 대한 정보를 얻기 위해;기초제품(스킨, 로션, 미스트, 선케어 등)에 대한 정보를 얻기 위해","비대면 응대를 활성화해주세요(낯을 가려요, 집에서 쇼핑하고 싶어요, 혼자 고민하고 싶어요 등);특징별로 상품에 대한 요약 정리를 해주세요(보습라인 : 가,나,다 / 여드름 진정 : A,B,C / 미백라인 : x,y,z 등)"
"2020/05/18 9:17:25 오후 GMT+9","25 ~ 29세","남성","예","건성, 복합성, 지성이 무엇인지는 알고 있어요.","피부(스킨케어)에 대한 지식이 없어서;제품이 너무 다양하고 많아서 정보를 알 수 없어서;진짜 좋은 제품인지 알 수 없어서","제품을 직접 테스트하고 크기 등을 보려고;온라인 쇼핑이 익숙하지 않아서","오프라인 매장 방문을 꺼리지 않아요!","1","0","피부가 좋아지길 원해서!","특징별로 상품에 대한 요약 정리를 해주세요(보습라인 : 가,나,다 / 여드름 진정 : A,B,C / 미백라인 : x,y,z 등)"
"2020/05/18 9:19:42 오후 GMT+9","20 ~ 24세","여성","예","건성, 복합성, 지성이 무엇인지는 알고 있어요.","피부(스킨케어)에 대한 지식이 없어서;제품이 너무 다양하고 많아서 정보를 알 수 없어서;더 싸게 살 수 있을 것같아서 미뤄서","제품을 직접 테스트하고 크기 등을 보려고","오프라인 매장 방문을 꺼리지 않아요!","0","0","사용하지 않음","직원의 대면 응대를 활성화해주세요(상담은 사람과 만나서 하고 싶어요, 추천받은 제품을 사는 것이 마음 편해요 등);특징별로 상품에 대한 요약 정리를 해주세요(보습라인 : 가,나,다 / 여드름 진정 : A,B,C / 미백라인 : x,y,z 등)"
"2020/05/18 9:21:46 오후 GMT+9","25 ~ 29세","남성","예","나의 피부가 건성인지 지성인지 몰라요.","피부(스킨케어)에 대한 지식이 없어서;제품이 너무 다양하고 많아서 정보를 알 수 없어서","제품을 직접 테스트하고 크기 등을 보려고;샘플, 증정품 등 혜택이 더 다양하고 많아서","집에서 나가고 싶지 않아서","4","0","유행을 알고 싶어서;기초제품(스킨, 로션, 미스트, 선케어 등)에 대한 정보를 얻기 위해","직원의 대면 응대를 활성화해주세요(상담은 사람과 만나서 하고 싶어요, 추천받은 제품을 사는 것이 마음 편해요 등);특징별로 상품에 대한 요약 정리를 해주세요(보습라인 : 가,나,다 / 여드름 진정 : A,B,C / 미백라인 : x,y,z 등)"
"2020/05/18 9:25:52 오후 GMT+9","45 ~ 49세","여성","예","건성, 복합성, 지성이 무엇인지는 알고 있어요.","제품이 너무 다양하고 많아서 정보를 알 수 없어서","사람에게 물어보고 구매하고 싶어서","온라인 쇼핑에 익숙해져서","0","0","기초제품(스킨, 로션, 미스트, 선케어 등)에 대한 정보를 얻기 위해","특징별로 상품에 대한 요약 정리를 해주세요(보습라인 : 가,나,다 / 여드름 진정 : A,B,C / 미백라인 : x,y,z 등)"
"2020/05/18 9:26:08 오후 GMT+9","20 ~ 24세","여성","예","건성, 복합성, 지성이 무엇인지는 알고 있어요.;비타민이 미백에 좋다는 것, 시카와 티트리 성분이 진정효과가 있다는 것 등을 알고 있어요. (몇 가지 알고 있는 정도라도 체크해주세요);자신의 피부에 맞게 상품을 비교하고 선택할 수 있어요.","제품이 너무 다양하고 많아서 정보를 알 수 없어서;진짜 좋은 제품인지 알 수 없어서;더 싸게 살 수 있을 것같아서 미뤄서","방문하지 않아요","집에서 나가고 싶지 않아서;온라인 쇼핑에 익숙해져서;어플, 유튜브, 방송 등 스스로도 충분히 정보를 얻을 수 있어서","3","2","색조, 메이트업베이스 등에 대한 정보를 얻기 위해;기초제품(스킨, 로션, 미스트, 선케어 등)에 대한 정보를 얻기 위해","특징별로 상품에 대한 요약 정리를 해주세요(보습라인 : 가,나,다 / 여드름 진정 : A,B,C / 미백라인 : x,y,z 등)"
"2020/05/18 9:27:56 오후 GMT+9","25 ~ 29세","여성","예","건성, 복합성, 지성이 무엇인지는 알고 있어요.;비타민이 미백에 좋다는 것, 시카와 티트리 성분이 진정효과가 있다는 것 등을 알고 있어요. (몇 가지 알고 있는 정도라도 체크해주세요);자신의 피부에 맞게 상품을 비교하고 선택할 수 있어요.;다른 사람의 피부타입에 맞게 상품을 추천할 수 있어요.","제품이 너무 다양하고 많아서 정보를 알 수 없어서;매번 실패해서;진짜 좋은 제품인지 알 수 없어서","제품을 직접 테스트하고 크기 등을 보려고;샘플, 증정품 등 혜택이 더 다양하고 많아서","혜택이 더 다양하고 많아서;혼자 비교하고 결정하고 싶어서;어플, 유튜브, 방송 등 스스로도 충분히 정보를 얻을 수 있어서","3","4","기초제품(스킨, 로션, 미스트, 선케어 등)에 대한 정보를 얻기 위해","특징별로 상품에 대한 요약 정리를 해주세요(보습라인 : 가,나,다 / 여드름 진정 : A,B,C / 미백라인 : x,y,z 등)"
"2020/05/18 9:37:24 오후 GMT+9","20 ~ 24세","여성","예","건성, 복합성, 지성이 무엇인지는 알고 있어요.;비타민이 미백에 좋다는 것, 시카와 티트리 성분이 진정효과가 있다는 것 등을 알고 있어요. (몇 가지 알고 있는 정도라도 체크해주세요);자신의 피부에 맞게 상품을 비교하고 선택할 수 있어요.","진짜 좋은 제품인지 알 수 없어서","제품을 직접 테스트하고 크기 등을 보려고;사람에게 물어보고 구매하고 싶어서","오프라인 매장 방문을 꺼리지 않아요!","3","2","색조, 메이트업베이스 등에 대한 정보를 얻기 위해","직원의 대면 응대를 활성화해주세요(상담은 사람과 만나서 하고 싶어요, 추천받은 제품을 사는 것이 마음 편해요 등);특징별로 상품에 대한 요약 정리를 해주세요(보습라인 : 가,나,다 / 여드름 진정 : A,B,C / 미백라인 : x,y,z 등)"
"2020/05/18 9:44:15 오후 GMT+9","19세 이하","남성","아니오","","","","","","","",""
"2020/05/18 9:45:04 오후 GMT+9","20 ~ 24세","여성","예","건성, 복합성, 지성이 무엇인지는 알고 있어요.;비타민이 미백에 좋다는 것, 시카와 티트리 성분이 진정효과가 있다는 것 등을 알고 있어요. (몇 가지 알고 있는 정도라도 체크해주세요)","제품이 너무 다양하고 많아서 정보를 알 수 없어서;진짜 좋은 제품인지 알 수 없어서;검색이 귀찮아서;더 싸게 살 수 있을 것같아서 미뤄서","제품을 직접 테스트하고 크기 등을 보려고;사람에게 물어보고 구매하고 싶어서","직원들의 접객이 불편해서;혼자 비교하고 결정하고 싶어서","4","4","유행을 알고 싶어서;색조, 메이트업베이스 등에 대한 정보를 얻기 위해","특징별로 상품에 대한 요약 정리를 해주세요(보습라인 : 가,나,다 / 여드름 진정 : A,B,C / 미백라인 : x,y,z 등)"
"2020/05/18 9:46:36 오후 GMT+9","19세 이하","남성","아니오","","","","","","","",""
"2020/05/18 9:47:24 오후 GMT+9","20 ~ 24세","여성","예","건성, 복합성, 지성이 무엇인지는 알고 있어요.","피부(스킨케어)에 대한 지식이 없어서;제품이 너무 다양하고 많아서 정보를 알 수 없어서","사람에게 물어보고 구매하고 싶어서","직원들의 접객이 불편해서","1","0","사용하지 않음","특징별로 상품에 대한 요약 정리를 해주세요(보습라인 : 가,나,다 / 여드름 진정 : A,B,C / 미백라인 : x,y,z 등)"
"2020/05/18 9:50:20 오후 GMT+9","25 ~ 29세","남성","예","건성, 복합성, 지성이 무엇인지는 알고 있어요.;자신의 피부에 맞게 상품을 비교하고 선택할 수 있어요.","제품이 너무 다양하고 많아서 정보를 알 수 없어서;매번 실패해서;진짜 좋은 제품인지 알 수 없어서","제품을 직접 테스트하고 크기 등을 보려고;집이랑 가까워서","오프라인 매장 방문을 꺼리지 않아요!;온라인으로 받을 수 있는 혜택(ex.할인)이 많아서","2","0","기초제품(스킨, 로션, 미스트, 선케어 등)에 대한 정보를 얻기 위해","특징별로 상품에 대한 요약 정리를 해주세요(보습라인 : 가,나,다 / 여드름 진정 : A,B,C / 미백라인 : x,y,z 등);특징별 요약 + 상품별 비교가 잘 되어있으면 편할 거 같습니다"
"2020/05/18 9:51:37 오후 GMT+9","25 ~ 29세","여성","예","건성, 복합성, 지성이 무엇인지는 알고 있어요.;비타민이 미백에 좋다는 것, 시카와 티트리 성분이 진정효과가 있다는 것 등을 알고 있어요. (몇 가지 알고 있는 정도라도 체크해주세요);자신의 피부에 맞게 상품을 비교하고 선택할 수 있어요.;다른 사람의 피부타입에 맞게 상품을 추천할 수 있어요.","제품이 너무 다양하고 많아서 정보를 알 수 없어서;진짜 좋은 제품인지 알 수 없어서;더 싸게 살 수 있을 것같아서 미뤄서;다른브랜드의 비슷한기능의제품들중 선택하기 어려워서","제품을 직접 테스트하고 크기 등을 보려고;온라인 결제가 귀찮아서/불편해서;빨리쓰고싶어서 지금당장!","나가기귀찮아서","0","0","사용하지 않음","특징별로 상품에 대한 요약 정리를 해주세요(보습라인 : 가,나,다 / 여드름 진정 : A,B,C / 미백라인 : x,y,z 등)"
"2020/05/18 9:54:14 오후 GMT+9","20 ~ 24세","여성","예","나의 피부가 건성인지 지성인지 몰라요.","피부(스킨케어)에 대한 지식이 없어서","제품을 직접 테스트하고 크기 등을 보려고","오프라인 매장 방문을 꺼리지 않아요!","1","0","사용하지 않음","특징별로 상품에 대한 요약 정리를 해주세요(보습라인 : 가,나,다 / 여드름 진정 : A,B,C / 미백라인 : x,y,z 등)"
"2020/05/18 9:59:28 오후 GMT+9","20 ~ 24세","여성","예","자신의 피부에 맞게 상품을 비교하고 선택할 수 있어요.","제품이 너무 다양하고 많아서 정보를 알 수 없어서;진짜 좋은 제품인지 알 수 없어서","제품을 직접 테스트하고 크기 등을 보려고","온라인 쇼핑에 익숙해져서;혜택이 더 다양하고 많아서","0","1","사용하지 않음","특징별로 상품에 대한 요약 정리를 해주세요(보습라인 : 가,나,다 / 여드름 진정 : A,B,C / 미백라인 : x,y,z 등)"
"2020/05/18 10:02:52 오후 GMT+9","19세 이하","여성","예","건성, 복합성, 지성이 무엇인지는 알고 있어요.;비타민이 미백에 좋다는 것, 시카와 티트리 성분이 진정효과가 있다는 것 등을 알고 있어요. (몇 가지 알고 있는 정도라도 체크해주세요);자신의 피부에 맞게 상품을 비교하고 선택할 수 있어요.;다른 사람의 피부타입에 맞게 상품을 추천할 수 있어요.","제품이 너무 다양하고 많아서 정보를 알 수 없어서;매번 실패해서;진짜 좋은 제품인지 알 수 없어서","제품을 직접 테스트하고 크기 등을 보려고;사람에게 물어보고 구매하고 싶어서;집이랑 가까워서","오프라인 매장 방문을 꺼리지 않아요!","4","4","유행을 알고 싶어서;언젠가 구매할지도 모르니까;색조, 메이트업베이스 등에 대한 정보를 얻기 위해;기초제품(스킨, 로션, 미스트, 선케어 등)에 대한 정보를 얻기 위해","직원의 대면 응대를 활성화해주세요(상담은 사람과 만나서 하고 싶어요, 추천받은 제품을 사는 것이 마음 편해요 등);특징별로 상품에 대한 요약 정리를 해주세요(보습라인 : 가,나,다 / 여드름 진정 : A,B,C / 미백라인 : x,y,z 등)"
"2020/05/18 10:06:03 오후 GMT+9","20 ~ 24세","여성","예","건성, 복합성, 지성이 무엇인지는 알고 있어요.","매번 실패해서;유명하고 좋은 제품이라 해도 직접 사용했을 때 트러블이 난 적이 많아서.","제품을 직접 테스트하고 크기 등을 보려고","직원들의 접객이 불편해서;어플, 유튜브, 방송 등 스스로도 충분히 정보를 얻을 수 있어서","4","4","색조, 메이트업베이스 등에 대한 정보를 얻기 위해;기초제품(스킨, 로션, 미스트, 선케어 등)에 대한 정보를 얻기 위해","특징별로 상품에 대한 요약 정리를 해주세요(보습라인 : 가,나,다 / 여드름 진정 : A,B,C / 미백라인 : x,y,z 등);알레르기 유발성분을 정리 해주세요"
"2020/05/18 10:17:51 오후 GMT+9","20 ~ 24세","여성","예","건성, 복합성, 지성이 무엇인지는 알고 있어요.;비타민이 미백에 좋다는 것, 시카와 티트리 성분이 진정효과가 있다는 것 등을 알고 있어요. (몇 가지 알고 있는 정도라도 체크해주세요);자신의 피부에 맞게 상품을 비교하고 선택할 수 있어요.;다른 사람의 피부타입에 맞게 상품을 추천할 수 있어요.","제품이 너무 다양하고 많아서 정보를 알 수 없어서;진짜 좋은 제품인지 알 수 없어서","제품을 직접 테스트하고 크기 등을 보려고;샘플, 증정품 등 혜택이 더 다양하고 많아서","혼자 비교하고 결정하고 싶어서;어플, 유튜브, 방송 등 스스로도 충분히 정보를 얻을 수 있어서","3","0","색조, 메이트업베이스 등에 대한 정보를 얻기 위해;기초제품(스킨, 로션, 미스트, 선케어 등)에 대한 정보를 얻기 위해","특징별로 상품에 대한 요약 정리를 해주세요(보습라인 : 가,나,다 / 여드름 진정 : A,B,C / 미백라인 : x,y,z 등)"
"2020/05/18 10:20:54 오후 GMT+9","20 ~ 24세","여성","예","건성, 복합성, 지성이 무엇인지는 알고 있어요.;비타민이 미백에 좋다는 것, 시카와 티트리 성분이 진정효과가 있다는 것 등을 알고 있어요. (몇 가지 알고 있는 정도라도 체크해주세요);자신의 피부에 맞게 상품을 비교하고 선택할 수 있어요.","제품이 너무 다양하고 많아서 정보를 알 수 없어서;진짜 좋은 제품인지 알 수 없어서;더 싸게 살 수 있을 것같아서 미뤄서","제품을 직접 테스트하고 크기 등을 보려고","직원들의 접객이 불편해서;혜택이 더 다양하고 많아서","4","4","색조, 메이트업베이스 등에 대한 정보를 얻기 위해;기초제품(스킨, 로션, 미스트, 선케어 등)에 대한 정보를 얻기 위해","특징별로 상품에 대한 요약 정리를 해주세요(보습라인 : 가,나,다 / 여드름 진정 : A,B,C / 미백라인 : x,y,z 등)"
"2020/05/18 10:22:58 오후 GMT+9","25 ~ 29세","여성","예","나의 피부가 건성인지 지성인지 몰라요.","피부(스킨케어)에 대한 지식이 없어서","제품을 직접 테스트하고 크기 등을 보려고","오프라인 매장 방문을 꺼리지 않아요!","0","0","사용하지 않음","특징별로 상품에 대한 요약 정리를 해주세요(보습라인 : 가,나,다 / 여드름 진정 : A,B,C / 미백라인 : x,y,z 등)"
"2020/05/18 10:30:14 오후 GMT+9","20 ~ 24세","여성","예","건성, 복합성, 지성이 무엇인지는 알고 있어요.;비타민이 미백에 좋다는 것, 시카와 티트리 성분이 진정효과가 있다는 것 등을 알고 있어요. (몇 가지 알고 있는 정도라도 체크해주세요);자신의 피부에 맞게 상품을 비교하고 선택할 수 있어요.;다른 사람의 피부타입에 맞게 상품을 추천할 수 있어요.","진짜 좋은 제품인지 알 수 없어서;더 싸게 살 수 있을 것같아서 미뤄서","제품을 직접 테스트하고 크기 등을 보려고","혼자 비교하고 결정하고 싶어서","3","0","기초제품(스킨, 로션, 미스트, 선케어 등)에 대한 정보를 얻기 위해","비대면 응대를 활성화해주세요(낯을 가려요, 집에서 쇼핑하고 싶어요, 혼자 고민하고 싶어요 등);특징별로 상품에 대한 요약 정리를 해주세요(보습라인 : 가,나,다 / 여드름 진정 : A,B,C / 미백라인 : x,y,z 등)"
"2020/05/18 10:35:26 오후 GMT+9","20 ~ 24세","여성","예","건성, 복합성, 지성이 무엇인지는 알고 있어요.;비타민이 미백에 좋다는 것, 시카와 티트리 성분이 진정효과가 있다는 것 등을 알고 있어요. (몇 가지 알고 있는 정도라도 체크해주세요);자신의 피부에 맞게 상품을 비교하고 선택할 수 있어요.;다른 사람의 피부타입에 맞게 상품을 추천할 수 있어요.","제품이 너무 다양하고 많아서 정보를 알 수 없어서;진짜 좋은 제품인지 알 수 없어서","제품을 직접 테스트하고 크기 등을 보려고","혼자 비교하고 결정하고 싶어서","4","4","색조, 메이트업베이스 등에 대한 정보를 얻기 위해;기초제품(스킨, 로션, 미스트, 선케어 등)에 대한 정보를 얻기 위해","비대면 응대를 활성화해주세요(낯을 가려요, 집에서 쇼핑하고 싶어요, 혼자 고민하고 싶어요 등);특징별로 상품에 대한 요약 정리를 해주세요(보습라인 : 가,나,다 / 여드름 진정 : A,B,C / 미백라인 : x,y,z 등)"
"2020/05/18 10:35:33 오후 GMT+9","45 ~ 49세","여성","아니오","","","","","","","",""
"2020/05/18 10:38:33 오후 GMT+9","45 ~ 49세","여성","예","건성, 복합성, 지성이 무엇인지는 알고 있어요.","피부(스킨케어)에 대한 지식이 없어서;제품이 너무 다양하고 많아서 정보를 알 수 없어서","제품을 직접 테스트하고 크기 등을 보려고","오프라인 매장 방문을 꺼리지 않아요!;어플, 유튜브, 방송 등 스스로도 충분히 정보를 얻을 수 있어서","1","0","유행을 알고 싶어서","특징별로 상품에 대한 요약 정리를 해주세요(보습라인 : 가,나,다 / 여드름 진정 : A,B,C / 미백라인 : x,y,z 등)"
"2020/05/18 10:43:36 오후 GMT+9","20 ~ 24세","여성","예","건성, 복합성, 지성이 무엇인지는 알고 있어요.","피부(스킨케어)에 대한 지식이 없어서;제품이 너무 다양하고 많아서 정보를 알 수 없어서","제품을 직접 테스트하고 크기 등을 보려고;사람에게 물어보고 구매하고 싶어서","오프라인 매장 방문을 꺼리지 않아요!","1","0","사용하지 않음","직원의 대면 응대를 활성화해주세요(상담은 사람과 만나서 하고 싶어요, 추천받은 제품을 사는 것이 마음 편해요 등);특징별로 상품에 대한 요약 정리를 해주세요(보습라인 : 가,나,다 / 여드름 진정 : A,B,C / 미백라인 : x,y,z 등)"
"2020/05/18 11:10:30 오후 GMT+9","25 ~ 29세","남성","아니오","","","","","","","",""
"2020/05/18 11:11:22 오후 GMT+9","20 ~ 24세","여성","예","건성, 복합성, 지성이 무엇인지는 알고 있어요.;비타민이 미백에 좋다는 것, 시카와 티트리 성분이 진정효과가 있다는 것 등을 알고 있어요. (몇 가지 알고 있는 정도라도 체크해주세요);자신의 피부에 맞게 상품을 비교하고 선택할 수 있어요.","제품이 너무 다양하고 많아서 정보를 알 수 없어서;진짜 좋은 제품인지 알 수 없어서","제품을 직접 테스트하고 크기 등을 보려고;사람에게 물어보고 구매하고 싶어서","직원들의 접객이 불편해서;온라인 쇼핑에 익숙해져서;혼자 비교하고 결정하고 싶어서;어플, 유튜브, 방송 등 스스로도 충분히 정보를 얻을 수 있어서","4","3","색조, 메이트업베이스 등에 대한 정보를 얻기 위해;기초제품(스킨, 로션, 미스트, 선케어 등)에 대한 정보를 얻기 위해","특징별로 상품에 대한 요약 정리를 해주세요(보습라인 : 가,나,다 / 여드름 진정 : A,B,C / 미백라인 : x,y,z 등)"
"2020/05/18 11:16:19 오후 GMT+9","19세 이하","여성","예","나의 피부가 건성인지 지성인지 몰라요.;건성, 복합성, 지성이 무엇인지는 알고 있어요.;비타민이 미백에 좋다는 것, 시카와 티트리 성분이 진정효과가 있다는 것 등을 알고 있어요. (몇 가지 알고 있는 정도라도 체크해주세요)","진짜 좋은 제품인지 알 수 없어서","제품을 직접 테스트하고 크기 등을 보려고;사람에게 물어보고 구매하고 싶어서;온라인 쇼핑이 익숙하지 않아서;온라인 결제가 귀찮아서/불편해서","오프라인 매장 방문을 꺼리지 않아요!","2","0","사용하지 않음","특징별로 상품에 대한 요약 정리를 해주세요(보습라인 : 가,나,다 / 여드름 진정 : A,B,C / 미백라인 : x,y,z 등)"
"2020/05/18 11:22:30 오후 GMT+9","20 ~ 24세","여성","예","자신의 피부에 맞게 상품을 비교하고 선택할 수 있어요.","제품이 너무 다양하고 많아서 정보를 알 수 없어서;진짜 좋은 제품인지 알 수 없어서;검색이 귀찮아서","제품을 직접 테스트하고 크기 등을 보려고;집이랑 가까워서","오프라인 매장 방문을 꺼리지 않아요!","3","4","색조, 메이트업베이스 등에 대한 정보를 얻기 위해;기초제품(스킨, 로션, 미스트, 선케어 등)에 대한 정보를 얻기 위해","특징별로 상품에 대한 요약 정리를 해주세요(보습라인 : 가,나,다 / 여드름 진정 : A,B,C / 미백라인 : x,y,z 등)"
"2020/05/18 11:27:48 오후 GMT+9","25 ~ 29세","남성","예","건성, 복합성, 지성이 무엇인지는 알고 있어요.","피부(스킨케어)에 대한 지식이 없어서;제품이 너무 다양하고 많아서 정보를 알 수 없어서;진짜 좋은 제품인지 알 수 없어서","사람에게 물어보고 구매하고 싶어서;온라인 쇼핑이 익숙하지 않아서;집이랑 가까워서","오프라인 매장 방문을 꺼리지 않아요!","0","0","사용하지 않음","특징별로 상품에 대한 요약 정리를 해주세요(보습라인 : 가,나,다 / 여드름 진정 : A,B,C / 미백라인 : x,y,z 등)"
"2020/05/18 11:45:47 오후 GMT+9","25 ~ 29세","여성","예","자신의 피부에 맞게 상품을 비교하고 선택할 수 있어요.","제품이 너무 다양하고 많아서 정보를 알 수 없어서;진짜 좋은 제품인지 알 수 없어서;더 싸게 살 수 있을 것같아서 미뤄서","제품을 직접 테스트하고 크기 등을 보려고","온라인 쇼핑에 익숙해져서;혜택이 더 다양하고 많아서;혼자 비교하고 결정하고 싶어서;어플, 유튜브, 방송 등 스스로도 충분히 정보를 얻을 수 있어서","4","2","색조, 메이트업베이스 등에 대한 정보를 얻기 위해;기초제품(스킨, 로션, 미스트, 선케어 등)에 대한 정보를 얻기 위해","직원의 대면 응대를 활성화해주세요(상담은 사람과 만나서 하고 싶어요, 추천받은 제품을 사는 것이 마음 편해요 등);특징별로 상품에 대한 요약 정리를 해주세요(보습라인 : 가,나,다 / 여드름 진정 : A,B,C / 미백라인 : x,y,z 등)"
"2020/05/18 11:57:14 오후 GMT+9","20 ~ 24세","남성","예","나의 피부가 건성인지 지성인지 몰라요.;건성, 복합성, 지성이 무엇인지는 알고 있어요.;비타민이 미백에 좋다는 것, 시카와 티트리 성분이 진정효과가 있다는 것 등을 알고 있어요. (몇 가지 알고 있는 정도라도 체크해주세요)","피부(스킨케어)에 대한 지식이 없어서;제품이 너무 다양하고 많아서 정보를 알 수 없어서;진짜 좋은 제품인지 알 수 없어서","온라인 결제가 귀찮아서/불편해서","혼자 비교하고 결정하고 싶어서;어플, 유튜브, 방송 등 스스로도 충분히 정보를 얻을 수 있어서","2","3","기초제품(스킨, 로션, 미스트, 선케어 등)에 대한 정보를 얻기 위해","특징별로 상품에 대한 요약 정리를 해주세요(보습라인 : 가,나,다 / 여드름 진정 : A,B,C / 미백라인 : x,y,z 등)"
"2020/05/19 12:00:00 오전 GMT+9","20 ~ 24세","남성","예","건성, 복합성, 지성이 무엇인지는 알고 있어요.;비타민이 미백에 좋다는 것, 시카와 티트리 성분이 진정효과가 있다는 것 등을 알고 있어요. (몇 가지 알고 있는 정도라도 체크해주세요);자신의 피부에 맞게 상품을 비교하고 선택할 수 있어요.","제품이 너무 다양하고 많아서 정보를 알 수 없어서;진짜 좋은 제품인지 알 수 없어서","제품을 직접 테스트하고 크기 등을 보려고;사람에게 물어보고 구매하고 싶어서","온라인 쇼핑에 익숙해져서;혜택이 더 다양하고 많아서;혼자 비교하고 결정하고 싶어서","2","0","사용하지 않음","특징별로 상품에 대한 요약 정리를 해주세요(보습라인 : 가,나,다 / 여드름 진정 : A,B,C / 미백라인 : x,y,z 등)"
"2020/05/19 12:01:36 오전 GMT+9","20 ~ 24세","남성","예","나의 피부가 건성인지 지성인지 몰라요.;건성, 복합성, 지성이 무엇인지는 알고 있어요.","피부(스킨케어)에 대한 지식이 없어서","집이랑 가까워서","오프라인 매장 방문을 꺼리지 않아요!","1","1","사용하지 않음","직원의 대면 응대를 활성화해주세요(상담은 사람과 만나서 하고 싶어요, 추천받은 제품을 사는 것이 마음 편해요 등)"
"2020/05/19 12:09:04 오전 GMT+9","20 ~ 24세","남성","아니오","","","","","","","",""
"2020/05/19 12:10:11 오전 GMT+9","20 ~ 24세","남성","예","나의 피부가 건성인지 지성인지 몰라요.","제품이 너무 다양하고 많아서 정보를 알 수 없어서;더 싸게 살 수 있을 것같아서 미뤄서","제품을 직접 테스트하고 크기 등을 보려고;온라인 결제가 귀찮아서/불편해서;집이랑 가까워서","오프라인 매장 방문을 꺼리지 않아요!","1","2","기초제품(스킨, 로션, 미스트, 선케어 등)에 대한 정보를 얻기 위해","특징별로 상품에 대한 요약 정리를 해주세요(보습라인 : 가,나,다 / 여드름 진정 : A,B,C / 미백라인 : x,y,z 등)"
"2020/05/19 12:23:55 오전 GMT+9","20 ~ 24세","남성","아니오","","","","","","","",""
"2020/05/19 12:56:33 오전 GMT+9","20 ~ 24세","여성","예","건성, 복합성, 지성이 무엇인지는 알고 있어요.;자신의 피부에 맞게 상품을 비교하고 선택할 수 있어요.","진짜 좋은 제품인지 알 수 없어서;더 싸게 살 수 있을 것같아서 미뤄서","제품을 직접 테스트하고 크기 등을 보려고","직원들의 접객이 불편해서;온라인 쇼핑에 익숙해져서","2","0","언젠가 구매할지도 모르니까;색조, 메이트업베이스 등에 대한 정보를 얻기 위해","특징별로 상품에 대한 요약 정리를 해주세요(보습라인 : 가,나,다 / 여드름 진정 : A,B,C / 미백라인 : x,y,z 등)"
"2020/05/19 4:08:57 오전 GMT+9","20 ~ 24세","여성","예","건성, 복합성, 지성이 무엇인지는 알고 있어요.;비타민이 미백에 좋다는 것, 시카와 티트리 성분이 진정효과가 있다는 것 등을 알고 있어요. (몇 가지 알고 있는 정도라도 체크해주세요);자신의 피부에 맞게 상품을 비교하고 선택할 수 있어요.;다른 사람의 피부타입에 맞게 상품을 추천할 수 있어요.","제품이 너무 다양하고 많아서 정보를 알 수 없어서;(오프라인의 경우)직원이 불친절해서 / 혹은 접객이 미흡해서;더 싸게 살 수 있을 것같아서 미뤄서","제품을 직접 테스트하고 크기 등을 보려고;샘플, 증정품 등 혜택이 더 다양하고 많아서","직원들의 접객이 불편해서;집에서 나가고 싶지 않아서;온라인 쇼핑에 익숙해져서;혜택이 더 다양하고 많아서;혼자 비교하고 결정하고 싶어서;어플, 유튜브, 방송 등 스스로도 충분히 정보를 얻을 수 있어서","4","3","색조, 메이트업베이스 등에 대한 정보를 얻기 위해;기초제품(스킨, 로션, 미스트, 선케어 등)에 대한 정보를 얻기 위해","특징별로 상품에 대한 요약 정리를 해주세요(보습라인 : 가,나,다 / 여드름 진정 : A,B,C / 미백라인 : x,y,z 등)"
"2020/05/19 5:36:23 오전 GMT+9","20 ~ 24세","여성","예","비타민이 미백에 좋다는 것, 시카와 티트리 성분이 진정효과가 있다는 것 등을 알고 있어요. (몇 가지 알고 있는 정도라도 체크해주세요);자신의 피부에 맞게 상품을 비교하고 선택할 수 있어요.","제품이 너무 다양하고 많아서 정보를 알 수 없어서;진짜 좋은 제품인지 알 수 없어서","제품을 직접 테스트하고 크기 등을 보려고;집이랑 가까워서","오프라인 매장 방문을 꺼리지 않아요!","1","0","색조, 메이트업베이스 등에 대한 정보를 얻기 위해","비대면 응대를 활성화해주세요(낯을 가려요, 집에서 쇼핑하고 싶어요, 혼자 고민하고 싶어요 등)"
"2020/05/19 7:04:58 오전 GMT+9","20 ~ 24세","여성","예","건성, 복합성, 지성이 무엇인지는 알고 있어요.;비타민이 미백에 좋다는 것, 시카와 티트리 성분이 진정효과가 있다는 것 등을 알고 있어요. (몇 가지 알고 있는 정도라도 체크해주세요);자신의 피부에 맞게 상품을 비교하고 선택할 수 있어요.;다른 사람의 피부타입에 맞게 상품을 추천할 수 있어요.","제품이 너무 다양하고 많아서 정보를 알 수 없어서;매번 실패해서;진짜 좋은 제품인지 알 수 없어서;더 싸게 살 수 있을 것같아서 미뤄서;트러블이 잘 나는 피부에 한 번 트러블이 나면 되돌리기가 힘들기 때문에 기초제품은 새로운 것으로 구매하기에 리스크가 크다고 느낀다. (개인적 입장)","제품을 직접 테스트하고 크기 등을 보려고;사람에게 물어보고 구매하고 싶어서","오프라인 매장 방문을 꺼리지 않아요!","2","2","유행을 알고 싶어서;색조, 메이트업베이스 등에 대한 정보를 얻기 위해;기초제품(스킨, 로션, 미스트, 선케어 등)에 대한 정보를 얻기 위해","직원의 대면 응대를 활성화해주세요(상담은 사람과 만나서 하고 싶어요, 추천받은 제품을 사는 것이 마음 편해요 등);특징별로 상품에 대한 요약 정리를 해주세요(보습라인 : 가,나,다 / 여드름 진정 : A,B,C / 미백라인 : x,y,z 등)"
"2020/05/19 8:20:56 오전 GMT+9","30 ~ 34세","여성","예","건성, 복합성, 지성이 무엇인지는 알고 있어요.","진짜 좋은 제품인지 알 수 없어서","제품을 직접 테스트하고 크기 등을 보려고","집에서 나가고 싶지 않아서","1","1","언젠가 구매할지도 모르니까","특징별로 상품에 대한 요약 정리를 해주세요(보습라인 : 가,나,다 / 여드름 진정 : A,B,C / 미백라인 : x,y,z 등)"
"2020/05/19 9:00:33 오전 GMT+9","30 ~ 34세","여성","예","건성, 복합성, 지성이 무엇인지는 알고 있어요.;비타민이 미백에 좋다는 것, 시카와 티트리 성분이 진정효과가 있다는 것 등을 알고 있어요. (몇 가지 알고 있는 정도라도 체크해주세요)","진짜 좋은 제품인지 알 수 없어서","제품을 직접 테스트하고 크기 등을 보려고;샘플, 증정품 등 혜택이 더 다양하고 많아서","오프라인 매장 방문을 꺼리지 않아요!","3","1","색조, 메이트업베이스 등에 대한 정보를 얻기 위해;기초제품(스킨, 로션, 미스트, 선케어 등)에 대한 정보를 얻기 위해","특징별로 상품에 대한 요약 정리를 해주세요(보습라인 : 가,나,다 / 여드름 진정 : A,B,C / 미백라인 : x,y,z 등)"
"2020/05/19 10:36:53 오전 GMT+9","30 ~ 34세","여성","예","건성, 복합성, 지성이 무엇인지는 알고 있어요.;비타민이 미백에 좋다는 것, 시카와 티트리 성분이 진정효과가 있다는 것 등을 알고 있어요. (몇 가지 알고 있는 정도라도 체크해주세요)","제품이 너무 다양하고 많아서 정보를 알 수 없어서;검색이 귀찮아서;더 싸게 살 수 있을 것같아서 미뤄서","사람에게 물어보고 구매하고 싶어서;집이랑 가까워서","집에서 나가고 싶지 않아서;온라인 쇼핑에 익숙해져서","0","0","사용하지 않음","특징별로 상품에 대한 요약 정리를 해주세요(보습라인 : 가,나,다 / 여드름 진정 : A,B,C / 미백라인 : x,y,z 등)"
"2020/05/19 11:55:15 오전 GMT+9","50 ~ 59세","여성","예","건성, 복합성, 지성이 무엇인지는 알고 있어요.;비타민이 미백에 좋다는 것, 시카와 티트리 성분이 진정효과가 있다는 것 등을 알고 있어요. (몇 가지 알고 있는 정도라도 체크해주세요);자신의 피부에 맞게 상품을 비교하고 선택할 수 있어요.","제품이 너무 다양하고 많아서 정보를 알 수 없어서;진짜 좋은 제품인지 알 수 없어서","제품을 직접 테스트하고 크기 등을 보려고","오프라인 매장 방문을 꺼리지 않아요!;집에서 나가고 싶지 않아서","1","1","사용하지 않음","특징별로 상품에 대한 요약 정리를 해주세요(보습라인 : 가,나,다 / 여드름 진정 : A,B,C / 미백라인 : x,y,z 등)"
"2020/05/19 11:58:15 오전 GMT+9","45 ~ 49세","여성","예","건성, 복합성, 지성이 무엇인지는 알고 있어요.;비타민이 미백에 좋다는 것, 시카와 티트리 성분이 진정효과가 있다는 것 등을 알고 있어요. (몇 가지 알고 있는 정도라도 체크해주세요);자신의 피부에 맞게 상품을 비교하고 선택할 수 있어요.","제품이 너무 다양하고 많아서 정보를 알 수 없어서;진짜 좋은 제품인지 알 수 없어서","제품을 직접 테스트하고 크기 등을 보려고;사람에게 물어보고 구매하고 싶어서","오프라인 매장 방문을 꺼리지 않아요!","1","0","사용하지 않음","특징별로 상품에 대한 요약 정리를 해주세요(보습라인 : 가,나,다 / 여드름 진정 : A,B,C / 미백라인 : x,y,z 등)"
"2020/05/19 11:58:28 오전 GMT+9","50 ~ 59세","여성","예","건성, 복합성, 지성이 무엇인지는 알고 있어요.","제품이 너무 다양하고 많아서 정보를 알 수 없어서","제품을 직접 테스트하고 크기 등을 보려고;온라인 쇼핑이 익숙하지 않아서","오프라인 매장 방문을 꺼리지 않아요!","0","0","사용하지 않음","특징별로 상품에 대한 요약 정리를 해주세요(보습라인 : 가,나,다 / 여드름 진정 : A,B,C / 미백라인 : x,y,z 등)"
"2020/05/19 11:59:03 오전 GMT+9","50 ~ 59세","남성","예","나의 피부가 건성인지 지성인지 몰라요.","없음","방문하지 않아요","온라인 쇼핑에 익숙해져서","0","0","사용하지 않음","특징별로 상품에 대한 요약 정리를 해주세요(보습라인 : 가,나,다 / 여드름 진정 : A,B,C / 미백라인 : x,y,z 등)"
"2020/05/19 12:05:35 오후 GMT+9","50 ~ 59세","남성","예","나의 피부가 건성인지 지성인지 몰라요.;건성, 복합성, 지성이 무엇인지는 알고 있어요.","피부(스킨케어)에 대한 지식이 없어서;제품이 너무 다양하고 많아서 정보를 알 수 없어서","방문하지 않아요;사람에게 물어보고 구매하고 싶어서","오프라인 매장 방문을 꺼리지 않아요!;온라인 쇼핑에 익숙해져서","1","0","사용하지 않음","특징별로 상품에 대한 요약 정리를 해주세요(보습라인 : 가,나,다 / 여드름 진정 : A,B,C / 미백라인 : x,y,z 등)"
"2020/05/19 12:05:46 오후 GMT+9","30 ~ 34세","여성","예","나의 피부가 건성인지 지성인지 몰라요.;건성, 복합성, 지성이 무엇인지는 알고 있어요.","피부(스킨케어)에 대한 지식이 없어서;제품이 너무 다양하고 많아서 정보를 알 수 없어서","제품을 직접 테스트하고 크기 등을 보려고;사람에게 물어보고 구매하고 싶어서","직원들의 접객이 불편해서","1","1","사용하지 않음","비대면 응대를 활성화해주세요(낯을 가려요, 집에서 쇼핑하고 싶어요, 혼자 고민하고 싶어요 등);특징별로 상품에 대한 요약 정리를 해주세요(보습라인 : 가,나,다 / 여드름 진정 : A,B,C / 미백라인 : x,y,z 등)"
"2020/05/19 12:26:17 오후 GMT+9","45 ~ 49세","남성","아니오","","","","","","","",""
"2020/05/19 12:34:52 오후 GMT+9","50 ~ 59세","여성","예","건성, 복합성, 지성이 무엇인지는 알고 있어요.;비타민이 미백에 좋다는 것, 시카와 티트리 성분이 진정효과가 있다는 것 등을 알고 있어요. (몇 가지 알고 있는 정도라도 체크해주세요)","진짜 좋은 제품인지 알 수 없어서","사람에게 물어보고 구매하고 싶어서;온라인 쇼핑이 익숙하지 않아서;온라인 결제가 귀찮아서/불편해서;샘플, 증정품 등 혜택이 더 다양하고 많아서","오프라인 매장 방문을 꺼리지 않아요!","0","0","사용하지 않음","직원의 대면 응대를 활성화해주세요(상담은 사람과 만나서 하고 싶어요, 추천받은 제품을 사는 것이 마음 편해요 등)"
"2020/05/19 12:58:08 오후 GMT+9","50 ~ 59세","여성","예","자신의 피부에 맞게 상품을 비교하고 선택할 수 있어요.","제품이 너무 다양하고 많아서 정보를 알 수 없어서","집이랑 가까워서","혼자 비교하고 결정하고 싶어서","0","0","사용하지 않음","특징별로 상품에 대한 요약 정리를 해주세요(보습라인 : 가,나,다 / 여드름 진정 : A,B,C / 미백라인 : x,y,z 등)"
"2020/05/19 1:12:52 오후 GMT+9","25 ~ 29세","남성","예","건성, 복합성, 지성이 무엇인지는 알고 있어요.","피부(스킨케어)에 대한 지식이 없어서","사람에게 물어보고 구매하고 싶어서","혼자 비교하고 결정하고 싶어서","3","0","기초제품(스킨, 로션, 미스트, 선케어 등)에 대한 정보를 얻기 위해","직원의 대면 응대를 활성화해주세요(상담은 사람과 만나서 하고 싶어요, 추천받은 제품을 사는 것이 마음 편해요 등)"
"2020/05/19 1:31:07 오후 GMT+9","25 ~ 29세","남성","예","건성, 복합성, 지성이 무엇인지는 알고 있어요.","없음;물어보면 잘 알려주던뎅","제품을 직접 테스트하고 크기 등을 보려고;온라인 결제가 귀찮아서/불편해서;샘플, 증정품 등 혜택이 더 다양하고 많아서","오프라인 매장 방문을 꺼리지 않아요!","0","0","사용하지 않음","특징별로 상품에 대한 요약 정리를 해주세요(보습라인 : 가,나,다 / 여드름 진정 : A,B,C / 미백라인 : x,y,z 등)"
"2020/05/19 4:58:54 오후 GMT+9","20 ~ 24세","여성","아니오","","","","","","","",""
"2020/05/19 5:24:22 오후 GMT+9","45 ~ 49세","여성","예","건성, 복합성, 지성이 무엇인지는 알고 있어요.;자신의 피부에 맞게 상품을 비교하고 선택할 수 있어요.","제품이 너무 다양하고 많아서 정보를 알 수 없어서;(오프라인의 경우)직원이 불친절해서 / 혹은 접객이 미흡해서","샘플, 증정품 등 혜택이 더 다양하고 많아서;온라인은 믿을 수 없어서","오프라인 매장 방문을 꺼리지 않아요!","0","0","사용하지 않음","특징별로 상품에 대한 요약 정리를 해주세요(보습라인 : 가,나,다 / 여드름 진정 : A,B,C / 미백라인 : x,y,z 등)"
"2020/05/19 5:37:45 오후 GMT+9","20 ~ 24세","남성","예","비타민이 미백에 좋다는 것, 시카와 티트리 성분이 진정효과가 있다는 것 등을 알고 있어요. (몇 가지 알고 있는 정도라도 체크해주세요);자신의 피부에 맞게 상품을 비교하고 선택할 수 있어요.","제품이 너무 다양하고 많아서 정보를 알 수 없어서;진짜 좋은 제품인지 알 수 없어서","사람에게 물어보고 구매하고 싶어서;샘플, 증정품 등 혜택이 더 다양하고 많아서;집이랑 가까워서","오프라인 매장 방문을 꺼리지 않아요!","1","1","사용하지 않음","특징별로 상품에 대한 요약 정리를 해주세요(보습라인 : 가,나,다 / 여드름 진정 : A,B,C / 미백라인 : x,y,z 등)"
"2020/05/19 6:21:44 오후 GMT+9","40 ~ 44세","여성","예","나의 피부가 건성인지 지성인지 몰라요.","제품이 너무 다양하고 많아서 정보를 알 수 없어서;진짜 좋은 제품인지 알 수 없어서","사람에게 물어보고 구매하고 싶어서","직원들의 접객이 불편해서","0","0","사용하지 않음","응답을 원하지 않아요"
"2020/05/19 8:56:01 오후 GMT+9","20 ~ 24세","남성","예","자신의 피부에 맞게 상품을 비교하고 선택할 수 있어요.","제품이 너무 다양하고 많아서 정보를 알 수 없어서;진짜 좋은 제품인지 알 수 없어서","방문하지 않아요","온라인 쇼핑에 익숙해져서;혜택이 더 다양하고 많아서;어플, 유튜브, 방송 등 스스로도 충분히 정보를 얻을 수 있어서","1","4","언젠가 구매할지도 모르니까;기초제품(스킨, 로션, 미스트, 선케어 등)에 대한 정보를 얻기 위해","비대면 응대를 활성화해주세요(낯을 가려요, 집에서 쇼핑하고 싶어요, 혼자 고민하고 싶어요 등);특징별로 상품에 대한 요약 정리를 해주세요(보습라인 : 가,나,다 / 여드름 진정 : A,B,C / 미백라인 : x,y,z 등)"
"2020/05/20 3:32:25 오후 GMT+9","40 ~ 44세","여성","예","건성, 복합성, 지성이 무엇인지는 알고 있어요.;비타민이 미백에 좋다는 것, 시카와 티트리 성분이 진정효과가 있다는 것 등을 알고 있어요. (몇 가지 알고 있는 정도라도 체크해주세요);자신의 피부에 맞게 상품을 비교하고 선택할 수 있어요.;다른 사람의 피부타입에 맞게 상품을 추천할 수 있어요.","제품이 너무 다양하고 많아서 정보를 알 수 없어서;진짜 좋은 제품인지 알 수 없어서","사람에게 물어보고 구매하고 싶어서;온라인 결제가 귀찮아서/불편해서;집이랑 가까워서","오프라인 매장 방문을 꺼리지 않아요!","2","1","색조, 메이트업베이스 등에 대한 정보를 얻기 위해","직원의 대면 응대를 활성화해주세요(상담은 사람과 만나서 하고 싶어요, 추천받은 제품을 사는 것이 마음 편해요 등)"
"2020/05/20 11:25:19 오후 GMT+9","20 ~ 24세","여성","예","나의 피부가 건성인지 지성인지 몰라요.;비타민이 미백에 좋다는 것, 시카와 티트리 성분이 진정효과가 있다는 것 등을 알고 있어요. (몇 가지 알고 있는 정도라도 체크해주세요)","진짜 좋은 제품인지 알 수 없어서","제품을 직접 테스트하고 크기 등을 보려고;사람에게 물어보고 구매하고 싶어서","오프라인 매장 방문을 꺼리지 않아요!","3","3","색조, 메이트업베이스 등에 대한 정보를 얻기 위해;기초제품(스킨, 로션, 미스트, 선케어 등)에 대한 정보를 얻기 위해","특징별로 상품에 대한 요약 정리를 해주세요(보습라인 : 가,나,다 / 여드름 진정 : A,B,C / 미백라인 : x,y,z 등)"
"2020/05/31 10:57:46 오후 GMT+9","19세 이하","여성","예","자신의 피부에 맞게 상품을 비교하고 선택할 수 있어요.","제품이 너무 다양하고 많아서 정보를 알 수 없어서;진짜 좋은 제품인지 알 수 없어서;제품을 찾아볼 때 후기만 보고 그 성분이 자신에게 맞는지 확신 할 수 없어서","제품을 직접 테스트하고 크기 등을 보려고","집에서 나가고 싶지 않아서;사람 많은 곳을 좋아하지 않아서","2","0","색조, 메이트업베이스 등에 대한 정보를 얻기 위해;기초제품(스킨, 로션, 미스트, 선케어 등)에 대한 정보를 얻기 위해;오프라인 매장으로 가기 전 나에게 맞을 것 같은 제품을 추려서 직원에게 물어보기 위해서","특징별로 상품에 대한 요약 정리를 해주세요(보습라인 : 가,나,다 / 여드름 진정 : A,B,C / 미백라인 : x,y,z 등)"